"rep","bee","first","prop","trips"
"1C",60,255332.635946035,0.00403439855610999,30
"1C",47,4.46001410484314,0.509532515016976,1
"1C",19,244007.946907043,0.00950279993212289,42
"1C",35,1.12666797637939,0.82805934310951,2
"1C",12,254572.467782021,0.420583648919581,1
"1C",14,52305.8983359337,0.748819755477545,10
"1C",70,417127.122194052,0.0444953378046786,2
"1C",41,7.95999908447266,0.573547215496368,3
"1C",75,240322.273089886,0.0586581709145426,64
"1C",40,2.9600989818573,1,0
"1C",2,523549.510731936,0.0085197018104366,2
"1C",46,61573.0835568905,0.013395739186572,16
"1C",77,3659.63421702385,0.98685111628544,3
"1C",34,250366.626221895,0.055450137044065,170
"1C",68,58188.7433969975,0.0777873811581677,152
"1C",27,69930.1006639004,0.778082480750976,9
"1C",57,NA,0,0
"1C",65,45878.2184870243,0.908429503261415,2
"1C",71,23.2934119701385,1,0
"1C",49,1522.96316003799,0.760073779795687,3
"1C",20,27.1267230510712,0.600423579244617,1
"1C",32,176066.313800097,0.17427840701498,16
"1C",63,251957.795970917,0.0475307210758174,72
"1C",79,48317.8902890682,0.89157196969697,3
"1C",61,35.1267321109772,0.879028545119705,1
"1C",42,175897.813499928,0.0407943017483272,110
"1C",62,NA,0,0
"1C",64,61422.5832850933,0.0266422615415904,16
"1C",37,173932.476264,0.0637817170663886,13
"1C",15,1654.79683089256,0.670614777213762,248
"1C",54,167823.297653913,0.133694181326116,2
"1C",26,184787.164622068,0.108062538320049,630
"1C",44,251052.794250011,0.0470885011561908,100
"1C",1,336193.794739008,0.0325895478567235,32
"1C",59,170550.969374895,0.0677427243824895,78
"1C",81,61709.0838088989,0.0527893422148209,74
"1C",18,113.127262115479,1,0
"1C",38,75.2935020923615,0.128916527146616,11
"1C",16,165100.791949987,0.0451723399700279,64
"1C",50,428101.310954094,0.0438121047877145,6
"1C",8,255841.136918068,0.0212970069071374,42
"1C",73,158130.611313105,0.773931725948914,1
"1C",80,352526.993427038,0.0263157894736843,14
"1C",72,335703.793469906,0.00139437601673253,6
"1C",53,136591.234721899,0.748741054863504,1
"1C",17,414605.450429916,0.0340145200322668,6
"1C",74,375422.704889059,0.211773940345369,17
"1C",11,248893.62322998,0.237721462211258,63
"1C",23,98771.3258879185,0.0226176617329121,84
"1C",9,266075.157205105,0.0448893572181244,58
"1C",66,55518.5713880062,0.209367945823928,18
"1C",5,51896.0640900135,0.140320591861899,62
"1C",3,NA,0,0
"1C",39,175272.145590067,0.00825839603596989,10
"1C",69,79298.7862780094,0.175642087821044,1
"1C",55,243508.112710953,0.0362350861688026,72
"1C",45,336993.795948982,0.0113125935784395,8
"1C",58,39360.0385329723,0.000189000189000144,2
"1C",24,175691.479732037,0.0330241187384044,84
"1C",28,268452.828465939,0.182877111240536,38
"1C",51,159127.780014038,0.195212407282535,10
"1C",13,189516.507123947,0.0435266084193804,66
"1C",56,294.12727689743,0.279614721104083,473
"1C",7,251933.129259109,0.0325183374083129,72
"1C",76,334655.458059072,0.0320949231666992,34
"1C",25,NA,0,0
"1C",78,143.626987934113,0.158780939552113,7
"1C",4,171040.303741932,0.309090909090909,220
"1C",29,NA,0,0
"1C",10,241065.274482965,0.0463957652187452,138
"1C",22,1696.46352696419,0.970120481927711,3
"1C",21,250796.460429907,0.0379245283018868,20
"1C",43,427933.810600996,0.0175031632222691,10
"1C",6,163086.787905931,0.0839603487399976,7
"1C",52,251886.46254611,0.0416455053326561,34
"1C",48,255566.136358023,0.0262502076756936,128
"1C",33,253643.132688046,0.024662633783155,40
"1C",30,250754.460346937,0.0438569206842925,68
"1C",31,337832.964271069,0.0172456885778556,14
"2C",26,238999.081934929,0.00259762024467913,6
"2C",90,95703.1563038826,0.0608116597562507,141
"2C",93,200539.011276007,0.00915815427967592,30
"2C",13,169161.287128925,0.0243186582809225,78
"2C",22,235065.07457304,0.0575910931174088,100
"2C",36,199160.842437983,0.0989808739355018,178
"2C",45,152570.756900072,0.0810975609756097,64
"2C",28,146443.745738983,0.0521777258111664,222
"2C",9,227464.227104902,0.0331805682859763,38
"2C",44,330271.584671974,0.0031933767001775,10
"2C",58,231300.067333937,0.0497648902821317,4
"2C",77,225774.224072933,0.0519955477818412,59
"2C",79,245149.760152102,0.0318962153726101,38
"2C",40,210437.695916891,0.0977849810913021,1
"2C",89,239331.749330997,0.0256058527663465,34
"2C",85,232389.902898073,0.030898340644669,102
"2C",24,51847.413285017,0.062686955390818,56
"2C",84,NA,0,0
"2C",4,497453.900862932,0.0559255542377521,78
"2C",52,NA,0,0
"2C",42,109966.514966011,0.127160052437135,88
"2C",75,202739.348675966,0.106649234217407,1
"2C",16,NA,0,0
"2C",25,NA,0,0
"2C",14,144445.575907946,0.0663981288981288,82
"2C",51,244791.926188946,0.0352542372881357,64
"2C",83,95517.1559820175,0.0546594982078854,68
"2C",30,222231.050992012,0.168841630417271,57
"2C",6,226522.225419044,0.0959738846572362,13
"2C",41,233843.405658007,0.262457747246756,41
"2C",46,244936.593106985,0.000131078778345728,2
"2C",7,NA,0,0
"2C",38,252843.441020966,0.0276653171390013,72
"2C",81,60686.09522295,0.278211443728685,272
"2C",20,NA,0,0
"2C",17,60690.7618908882,0.000386697602474895,2
"2C",29,222452.384702921,0.0529142315589954,33
"2C",82,152795.25731492,0.153239248805423,124
"2C",35,NA,0,0
"2C",12,239199.415694952,0.197560524856773,292
"2C",10,147310.247368097,0.0791229742612012,150
"2C",92,240770.918600082,0.00762875855909506,38
"2C",88,424493.096564054,0.000559346683074224,4
"2C",63,232126.235707045,0.180853440571939,166
"2C",57,87525.3085029125,0.170408811692438,32
"2C",67,56909.2553761005,0.486791072081961,590
"2C",78,234228.406358957,0.00938735177865602,8
"2C",49,34336.0496690273,0.048079724925695,500
"2C",73,NA,0,0
"2C",47,201950.847321987,0.506435643564356,1660
"2C",80,197455.672292948,0.298283261802575,432
"2C",21,234273.406413078,0.000105943426210509,2
"2C",86,202744.015347004,0.000100674519279087,2
"2C",68,74113.7851819992,0.0371009490940466,8
"2C",64,60555.7616610527,0.0263382514327521,42
"2C",65,144374.24209404,0.183188527164241,316
"2C",76,332088.421427011,0.0681017612524462,144
"2C",87,232605.403275013,0.0728259756222474,80
"2C",74,196905.171317101,0.000181719062329666,2
"2C",27,NA,0,0
"2C",37,48014.9067189693,0.420783359892644,499
"2C",72,230369.732402086,0.0488552543347065,50
"2C",53,413792.241539001,0.00539321435575602,8
"2C",1,252134.273020029,0.0519918283963228,42
"2C",19,150835.753681898,0.0439481268011528,206
"2C",15,225773.724021912,0.146403635154605,76
"2C",39,233062.904166937,0.0815313718539525,66
"2C",66,55229.4191670418,0.151417108839135,158
"2C",55,150591.253259897,0.0450310559006211,82
"2C",33,208194.691802979,0.168461797374621,40
"2C",69,200587.511365891,0.00712711586252168,26
"2C",23,322936.404402018,0.048669502423583,50
"2C",61,288079.506441116,0.0767954722872755,112
"2C",62,83021.9672040939,0.23050069818472,103
"2C",71,NA,0,0
"2C",56,62075.9310290813,0.171927590284727,334
"2C",59,NA,0,0
"2C",32,148833.75008297,0.0194805194805194,38
"2C",18,NA,0,0
"2C",43,NA,0,0
"2C",2,235707.909145117,0.126299212598425,3
"2C",70,226874.059465885,0.144626715768329,110
"2C",91,245553.260941982,0.00290838584585562,30
"2C",60,147035.580122948,0.552428571428571,1136
"2C",3,194017.832690001,0.0954349983460139,17
"2C",31,28857.7069149017,0.515065837305114,672
"2C",48,170772.790179014,0.0964065083094057,138
"2C",11,28840.2068850994,0.373062177029505,146
"2C",50,28872.8735980988,0.415541288465796,347
"2C",5,28847.0401968956,0.337495019258866,119
"3C",66,443831.409543991,0.0159584169250411,22
"3C",12,NA,0,0
"3C",74,NA,0,0
"3C",34,NA,0,0
"3C",67,NA,0,0
"3C",81,418908.851315022,0.233806315630999,1
"3C",79,NA,0,0
"3C",65,46162.6363608837,0.0305269922879177,4
"3C",1,248152.116770983,0.678052805280528,1
"3C",58,NA,0,0
"3C",11,250007.288009882,0.153136531365314,3
"3C",22,NA,0,0
"3C",51,56292.8275299072,0.592376436257523,9
"3C",39,NA,0,0
"3C",54,NA,0,0
"3C",23,NA,0,0
"3C",52,155801.232069016,0.594467769819709,3
"3C",38,152432.057305098,0.0809325809325809,38
"3C",41,NA,0,0
"3C",35,52988.9864580631,0.930115071568903,1
"3C",10,NA,0,0
"3C",72,248394.117368937,0.632129348067937,1
"3C",43,NA,0,0
"3C",20,NA,0,0
"3C",63,NA,0,0
"3C",2,NA,0,0
"3C",8,249890.28759408,0.253014489816597,5
"3C",7,250101.288187981,0.638503535308333,1
"3C",75,NA,0,0
"3C",36,240498.598855972,0.115378955114054,5
"3C",59,240485.598747969,0.341847826086957,23
"3C",68,249972.121143103,0.000181455271275555,2
"3C",71,NA,0,0
"3C",30,NA,0,0
"3C",46,65888.0168609619,0.308934207331877,8
"3C",27,NA,0,0
"3C",32,249904.454338074,0.0487591969073451,2
"3C",50,NA,0,0
"3C",55,NA,0,0
"3C",49,280162.69400692,0.0290650734700468,6
"3C",40,NA,0,0
"3C",18,249728.620542049,0.00286924443229952,2
"3C",44,150793.386853933,0.760315139701105,1
"3C",9,NA,0,0
"3C",76,NA,0,0
"3C",42,NA,0,0
"3C",19,NA,0,0
"3C",57,NA,0,0
"3C",15,245317.276659966,0.031166626243027,8
"3C",60,NA,0,0
"3C",62,249939.121043921,0.174393613754989,6
"3C",45,247225.281207085,0.548948063038584,5
"3C",69,NA,0,0
"3C",24,NA,0,0
"3C",14,NA,0,0
"3C",17,247749.282371044,0.407172038129823,2
"3C",16,NA,0,0
"3C",31,NA,0,0
"3C",25,NA,0,0
"3C",78,NA,0,0
"3C",21,160580.576698065,0.000609880056922085,2
"3C",6,68518.6897749901,0.871616561463571,1
"3C",53,164918.920360088,0.228429625858997,7
"3C",73,NA,0,0
"3C",77,NA,0,0
"3C",64,153150.725682974,0.676972972972973,3
"3C",28,NA,0,0
"3C",4,150468.88605094,0.123950936087799,8
"3C",48,48189.3079090118,0.940765046196356,1
"3C",5,157640.069730043,0.658314350797266,11
"3C",29,240291.764916897,0.565627333831217,1
"3C",37,278.693361997604,0.668564818934069,55
"3C",47,249849.45420599,0.639231697132783,1
"3C",33,46399.9703009129,0.0120583286595626,8
"3C",56,NA,0,0
"3C",13,NA,0,0
"3C",26,NA,0,0
"4C",48,NA,0,0
"4C",87,78651.9399220943,7.38388835561654e-05,2
"4C",34,NA,0,0
"4C",14,NA,0,0
"4C",10,NA,0,0
"4C",89,55752.0638620853,0.0807507638585769,112
"4C",12,72975.2625849247,0.0708086513293842,32
"4C",39,NA,0,0
"4C",76,157961.089445114,0.0854069466044582,60
"4C",20,98768.4780340195,0.000595805529075344,2
"4C",25,60436.7395069599,0.00333361825797085,18
"4C",80,NA,0,0
"4C",82,NA,0,0
"4C",92,NA,0,0
"4C",95,72989.2625029087,0.0204630495790459,51
"4C",47,NA,0,0
"4C",94,NA,0,0
"4C",67,NA,0,0
"4C",83,NA,0,0
"4C",74,NA,0,0
"4C",24,64719.7471499443,0.000423414840690084,2
"4C",27,NA,0,0
"4C",13,NA,0,0
"4C",32,NA,0,0
"4C",33,NA,0,0
"4C",43,NA,0,0
"4C",30,NA,0,0
"4C",85,493191.550834894,0.0828842422935978,1
"4C",3,68095.4198889732,0.0039089766857463,6
"4C",75,NA,0,0
"4C",26,NA,0,0
"4C",21,345844.110136986,0.000146134736226822,2
"4C",81,NA,0,0
"4C",40,72967.2624640465,0.00118525542254355,6
"4C",56,NA,0,0
"4C",77,NA,0,0
"4C",65,NA,0,0
"4C",29,NA,0,0
"4C",90,NA,0,0
"4C",8,NA,0,0
"4C",99,73156.5961880684,0.000615721420264004,6
"4C",66,82692.9477310181,0.0311790525200546,4
"4C",11,NA,0,0
"4C",45,NA,0,0
"4C",4,493864.385456085,0.00122208643484067,7
"4C",35,NA,0,0
"4C",5,NA,0,0
"4C",78,NA,0,0
"4C",19,NA,0,0
"4C",55,NA,0,0
"4C",42,NA,0,0
"4C",9,244297.253588915,0.0373626373626375,11
"4C",72,NA,0,0
"4C",23,NA,0,0
"4C",36,NA,0,0
"4C",62,69187.2551739216,0.0432240921169176,167
"4C",98,NA,0,0
"4C",31,NA,0,0
"4C",68,NA,0,0
"4C",37,NA,0,0
"4C",49,NA,0,0
"4C",54,NA,0,0
"4C",50,NA,0,0
"4C",2,62296.4093329906,0.0154491703223345,81
"4C",61,87831.9574649334,0.0141234850653689,103
"4C",28,NA,0,0
"4C",91,NA,0,0
"4C",57,130399.370487928,0.000314531348291069,2
"4C",18,51132.8885231018,0.00734534603466086,14
"4C",46,68161.5866639614,0.00142264374629519,10
"4C",16,NA,0,0
"4C",63,NA,0,0
"4C",53,NA,0,0
"4C",15,NA,0,0
"4C",44,332610.752597094,0.00566343042071193,14
"4C",41,NA,0,0
"4C",1,NA,0,0
"4C",59,NA,0,0
"4C",88,NA,0,0
"4C",60,78263.7724919319,0.00611076732673266,62
"4C",79,NA,0,0
"4C",22,NA,0,0
"4C",69,NA,0,0
"4C",96,410610.231314898,0.00101440454453239,8
"4C",84,NA,0,0
"4C",17,NA,0,0
"4C",38,NA,0,0
"4C",73,161032.761928082,0.00101235067827488,8
"4C",70,NA,0,0
"4C",97,455799.148160934,0.222877016713361,1
"4C",71,NA,0,0
"4C",86,NA,0,0
"4C",64,73386.9299900532,0.0132299270072993,107
"4C",7,NA,0,0
"5C",55,51512.32147789,0.0314382076608046,90
"5C",69,NA,0,0
"5C",67,NA,0,0
"5C",23,428463.098180056,0.000649702219815973,2
"5C",29,NA,0,0
"5C",57,NA,0,0
"5C",10,NA,0,0
"5C",90,54796.4969570637,0.0432330827067668,192
"5C",44,130153.531486988,0.0219512195121951,116
"5C",20,328939.437865973,0.000634195839675389,2
"5C",58,53364.1596279144,0.0768926665348884,82
"5C",42,136338.880999088,0.00678700361010831,6
"5C",48,59064.1750850677,0.0105421686746987,2
"5C",31,137932.051800966,0.0176335743255158,66
"5C",7,NA,0,0
"5C",36,NA,0,0
"5C",52,57267.1702170372,0.0439158279963403,192
"5C",79,NA,0,0
"5C",2,309348.908185005,0.000638637573177281,4
"5C",32,NA,0,0
"5C",93,51548.9882190228,0.0118714301713518,28
"5C",65,56583.5016560555,0.000860667495457657,10
"5C",8,296238.22141099,0.0318875992669518,4
"5C",11,NA,0,0
"5C",14,55038.6641469002,0.0080848243870113,16
"5C",91,53294.9931690693,0.0042265426880812,12
"5C",43,NA,0,0
"5C",85,300962.852667093,0.0650021070375053,86
"5C",50,73368.3799569607,0.0254324546952225,28
"5C",75,NA,0,0
"5C",35,53322.3262081146,0.0113207547169811,10
"5C",63,104190.295927048,0.00453229258466581,4
"5C",45,NA,0,0
"5C",84,147014.908883095,0.221200054922422,144
"5C",56,409197.370429993,0.0235531628532974,2
"5C",74,NA,0,0
"5C",33,51635.4884591103,0.42448362720403,32
"5C",87,NA,0,0
"5C",66,55017.1641049385,0.0422219454477519,27
"5C",80,53917.9944460392,0.0123505976095617,68
"5C",54,51484.9880750179,0.0176463713918429,76
"5C",13,53389.4930839539,0.00902378999179665,6
"5C",34,53295.8264400959,0.0403508771929824,124
"5C",88,53313.9928600788,0.00750317441994697,8
"5C",97,50927.3198840618,0.00218139105629667,16
"5C",9,322608.596012115,0.0155020551967118,4
"5C",86,332739.463057041,0.00366449511400657,6
"5C",41,58272.8397080898,0.0053558676505594,6
"5C",78,NA,0,0
"5C",40,56714.0023899078,0.0480789641265125,88
"5C",39,54826.6636180878,0.0027147355847541,4
"5C",38,NA,0,0
"5C",47,41969.6286449432,0.0297090729783038,92
"5C",64,331600.255475998,0.0189352953906081,10
"5C",16,53518.8267250061,0.186264822134387,67
"5C",28,409160.370158911,0.0232617261980426,2
"5C",27,NA,0,0
"5C",95,NA,0,0
"5C",17,139223.388489008,0.0535041446872646,129
"5C",68,69099.3683331013,0.00639658848614078,2
"5C",59,51286.6542339325,0.000196309383588611,2
"5C",72,NA,0,0
"5C",73,NA,0,0
"5C",71,56700.8353350163,0.00187745349035673,4
"5C",89,54980.9977018833,0.00665840817590579,10
"5C",3,95693.4397931099,0.0177296799447386,38
"5C",37,51360.4877529144,0.0535088778838024,102
"5C",30,NA,0,0
"5C",1,146821.075010061,0.0155320956194636,73
"5C",6,336228.28619194,0.000240269101393631,4
"5C",76,NA,0,0
"5C",94,416273.017146111,0.00294599018003283,2
"5C",18,130549.532497883,0.00387013545474102,18
"5C",5,424363.071064949,0.00126953124999996,2
"5C",4,54296.3288021088,0.00489715964740456,8
"5C",21,54321.9955990314,0.0813734246303464,256
"5C",49,52559.824311018,0.00740666599939943,12
"5C",25,NA,0,0
"5C",83,56060.50020504,0.0605228471001757,100
"5C",92,61588.0152859688,0.0139723005270254,54
"5C",53,56319.3342359066,0.00185276679841895,6
"5C",15,53438.826513052,0.0113087525032396,24
"5C",61,152092.589018106,0.111655239960823,42
"5C",96,56504.668102026,0.00706315897225918,22
"5C",24,405058.34288311,0.0523678276121273,2
"5C",60,139640.889578104,0.031646514405135,8
"5C",46,389769.241097927,0.0897055466788403,6
"5C",70,53435.826597929,0.0183025830258303,18
"5C",62,64751.8567490578,0.00278862242052424,4
"5C",26,285465.949889898,0.0974200617591394,128
"5C",77,220254.117402077,0.0384918549658435,22
"5C",22,55802.1661739349,0.00986901130450391,75
"5C",19,6531.70324802399,0.0561635598316297,80
"6C",10,446343.831453085,0.00258415979885451,6
"6C",50,345383.019686937,0.000252940432528215,2
"6C",25,61873.5035579205,0.00137527935361881,6
"6C",57,64973.7223489285,0.000378644452858845,4
"6C",77,NA,0,0
"6C",42,260484.706458092,0.066270709596749,17
"6C",23,202530.556581974,0.129745641180466,6
"6C",2,6.32609605789185,0.0906750173973556,1
"6C",38,319878.464893103,0.00521756251230565,4
"6C",75,251715.853408098,0.00639066407335376,1
"6C",71,180453.622881889,0.00271230826786373,2
"6C",47,106290.17363596,0.0343457280726653,6
"6C",74,255415.475878,0.00329388800780772,5
"6C",66,246652.222784042,0.10702263493906,22
"6C",32,NA,0,0
"6C",29,187875.668162107,0.0141045265689919,2
"6C",59,251139.249793053,0.00982928091050184,6
"6C",55,28.1258959770203,0.147703122445643,1
"6C",3,324427.092658997,0.00995181227739361,24
"6C",16,36.3259871006012,0.00358630263766768,1
"6C",9,NA,0,0
"6C",46,NA,0,0
"6C",34,8220.5758728981,0.00582479030754901,22
"6C",54,65154.9234271049,0.00222316324370109,8
"6C",41,431898.743695974,0.00130868640601989,4
"6C",81,254971.673074961,0.00095188646590505,2
"6C",40,234250.748017073,0.16541761703052,63
"6C",28,NA,0,0
"6C",15,359082.302571058,0.0132270338829499,14
"6C",53,NA,0,0
"6C",67,366241.545908928,0.00556409693242554,4
"6C",17,93704.8973920345,0.176438505590401,5
"6C",69,NA,0,0
"6C",21,491536.905075073,7.1983875611803e-05,2
"6C",58,NA,0,0
"6C",20,442320.00703311,0.000241118791191042,4
"6C",70,NA,0,0
"6C",63,NA,0,0
"6C",13,52111.6440060139,0.000329842500206068,2
"6C",39,542684.569531918,0.000217754228061251,2
"6C",65,NA,0,0
"6C",44,331146.53314805,0.00329519450800908,6
"6C",14,NA,0,0
"6C",51,51707.2416820526,0.00784030535926128,96
"6C",48,NA,0,0
"6C",19,NA,0,0
"6C",30,128057.305222034,0.0312634756360499,16
"6C",12,NA,0,0
"6C",6,NA,0,0
"6C",52,NA,0,0
"6C",33,273224.783272028,0.00287513691128138,34
"6C",1,NA,0,0
"6C",68,498801.502629042,0.00399034892353378,4
"6C",7,NA,0,0
"6C",18,NA,0,0
"6C",5,NA,0,0
"6C",8,364079.132823944,0.00151228733459363,2
"6C",24,NA,0,0
"6C",26,147450.823065996,0.0153991200502828,4
"6C",56,NA,0,0
"6C",78,528371.682235003,0.000416753490310562,4
"6C",80,431856.743464947,0.00387740029542094,2
"6C",4,NA,0,0
"6C",27,NA,0,0
"6C",11,NA,0,0
"6C",60,205.127043962479,0.207567470635703,121
"6C",73,NA,0,0
"6C",49,317645.651442051,0.00283350334353405,14
"6C",79,NA,0,0
"6C",37,138543.969368935,0.0565827888224664,43
"6C",22,267595.549350977,0.0324047754405912,4
"6C",43,312433.819992065,0.00821943110454382,24
"6C",76,41469.7788579464,0.00116595413913712,2
"6C",62,85107.4448509216,0.00130344108446301,4
"6C",35,235217.153877974,0.117661964692964,294
"6C",61,94563.1023440361,0.0198397056891342,2
"7C",42,229243.714768887,0.00566416955965643,18
"7C",76,234301.349802017,0.365054189796458,9
"7C",69,48711.44571805,0.0350028457598179,14
"7C",67,57712.5091540813,0.48186663200312,47
"7C",51,500864.718470097,0.014049399501473,2
"7C",16,417419.158941031,0.0545404208194906,3
"7C",75,84076.0960490704,0.012410071942446,20
"7C",63,NA,0,0
"7C",4,NA,0,0
"7C",54,417284.957777023,0.256786647898653,1
"7C",23,417486.759023905,0.220429390585411,1
"7C",62,64960.5604178905,0.00625000000000009,8
"7C",11,160341.435412884,0.123322451940515,32
"7C",30,NA,0,0
"7C",39,326154.159323931,0.458314505196566,7
"7C",80,57681.9089539051,0.560412443817749,23
"7C",1,70863.4024279118,0.0366225839267549,8
"7C",65,158785.024802923,0.370346432264736,8
"7C",29,64643.9581730366,0.0917678812415654,24
"7C",34,8.69855308532715,0.0667114770626784,3
"7C",68,488089.832133055,0.200674019607843,1
"7C",77,NA,0,0
"7C",49,NA,0,0
"7C",53,65013.7607901096,0.0330644094696468,16
"7C",10,54718.2880001068,0.062946138870863,110
"7C",5,44.8987619876862,0.190587580061264,41
"7C",19,72012.6104669571,0.0843539761945835,56
"7C",12,NA,0,0
"7C",45,63196.9479460716,0.1572751530372,50
"7C",22,138730.283457994,0.643589058184086,17
"7C",60,NA,0,0
"7C",28,71868.0095260143,0.0159851301115241,6
"7C",33,NA,0,0
"7C",59,57421.7071139812,0.44459249389296,21
"7C",18,NA,0,0
"7C",73,90.6994550228119,0.498698358800226,12
"7C",55,64658.5582950115,0.00749898662342918,6
"7C",66,64729.9587659836,0.0205153454784179,36
"7C",27,150741.568460941,0.308976261127596,31
"7C",35,56266.6989779472,0.312988650693569,50
"7C",24,71350.40583992,0.187797059798828,7
"7C",58,359938.979357958,0.267952296371479,9
"7C",8,66484.7712650299,0.182712313221108,26
"7C",7,NA,0,0
"7C",52,71643.2081830502,0.0771450557906888,70
"7C",25,417653.960190058,0.0824186046511628,16
"7C",21,415086.54282999,0.203234985772053,1
"7C",32,NA,0,0
"7C",14,505237.348645926,0.125966494845361,1
"7C",20,64890.1599340439,0.0450184501845019,6
"7C",40,71248.0050179958,0.0456865747830526,32
"7C",17,233001.740777016,0.477683956574186,13
"7C",36,NA,0,0
"7C",74,71540.2071270943,0.0183265263378365,86
"7C",50,NA,0,0
"7C",64,71463.206649065,0.154890358510268,40
"7C",2,64658.9582779408,0.133143423334159,16
"7C",46,155344.400644064,0.0238536973230852,32
"7C",37,64915.7600700855,0.0319037656903767,28
"7C",56,64652.5582330227,0.0829694323144106,94
"7C",13,3230.32179307938,0.407023863124718,44
"7C",26,257363.509849072,0.00775193798449614,34
"7C",44,57995.3111810684,0.435240690281562,5
"7C",48,71578.6074199677,0.00332881272346186,6
"7C",70,149223.157509089,0.235804943219773,5
"7C",57,71635.6078329086,0.00981767180925663,46
"7C",41,NA,0,0
"7C",9,71618.6076369286,0.0865384615384615,4
"7C",72,417103.756454945,0.122492080253432,1
"7C",78,NA,0,0
"7C",61,NA,0,0
"7C",31,240875.395026922,0.00495626822157424,2
"7C",43,500408.315145016,0.0534627644161112,2
"8C",53,73702.1189539433,0.0162162162162163,32
"8C",56,410938.512248039,0.0151304347826087,46
"8C",30,227550.233458996,0.628085191082802,3
"8C",27,146819.557352066,0.0421582507472078,24
"8C",54,86160.7938790321,0.012864354339684,10
"8C",57,NA,0,0
"8C",15,69484.6940550804,0.0533980582524272,22
"8C",25,NA,0,0
"8C",29,NA,0,0
"8C",84,99364.0727040768,0.0894347346874509,20
"8C",42,55796.2119541168,0.0661997288748306,70
"8C",58,56873.418309927,0.0504306854155929,2
"8C",23,331226.244405985,0.00150647785477553,4
"8C",64,328055.825619936,0.0105883929768127,24
"8C",69,86698.9971449375,0.0248292985723153,54
"8C",12,277657.928478003,0.0161549925484352,6
"8C",82,55372.6095058918,0.479427792915531,15
"8C",51,56180.2142028809,0.459419295839049,19
"8C",79,42839.7348980904,0.216788807461692,48
"8C",6,60874.2427990437,0.0228597380970403,54
"8C",89,57108.6199851036,0.00813439434129082,4
"8C",36,417223.750324011,0.0105056980056981,8
"8C",61,NA,0,0
"8C",71,94210.0418570042,0.0176693310896088,20
"8C",19,329240.432636023,0.00318167356029275,4
"8C",34,NA,0,0
"8C",80,NA,0,0
"8C",60,455592.778021097,0.00691489361702136,4
"8C",26,167303.877394915,0.00898824613966354,32
"8C",48,185682.586093903,0.0577611454604621,8
"8C",22,NA,0,0
"8C",81,415676.140568972,0.0920565235286048,4
"8C",72,NA,0,0
"8C",28,59388.2338910103,0.0235454545454545,60
"8C",65,365065.242845058,0.0797885419227933,6
"8C",8,NA,0,0
"8C",32,363038.631000996,0.00140845070422535,4
"8C",18,69488.4938209057,0.0668724279835391,36
"8C",73,55632.2109971046,0.0297532656023223,4
"8C",9,54775.6059141159,0.0849831901382143,96
"8C",67,76446.7351689339,0.00800761119479909,20
"8C",52,330120.037832022,0.0428109854604199,36
"8C",83,NA,0,0
"8C",16,75141.927519083,0.12448132780083,2
"8C",49,66326.4752140045,0.170849712730571,8
"8C",38,65243.6690769196,0.00357227911407487,4
"8C",75,60963.2433719635,0.0208185809375443,32
"8C",46,147294.760149956,0.0892027680348848,150
"8C",88,485246.353270054,0.221300326441785,1
"8C",2,52586.9931468964,0.064738555832216,44
"8C",3,440316.287811041,0.00797838116072569,2
"8C",68,NA,0,0
"8C",45,195.87784409523,0.694989106753813,500
"8C",78,415905.742064953,0.00595238095238093,4
"8C",47,466952.84514904,0.00207738249805245,2
"8C",41,327676.023339987,0.00709639266706086,6
"8C",24,122669.212017059,0.527038626609442,342
"8C",40,66083.6737101078,0.050233039875712,16
"8C",11,169296.089119911,0.133700696055684,20
"8C",17,81228.3643460274,0.0100113030841273,42
"8C",76,76855.3376700878,0.0176728182671255,46
"8C",35,91603.6262369156,0.0228211686012199,12
"8C",85,419271.96342206,0.00397501419647917,2
"8C",39,485453.754530907,0.00517277053589904,2
"8C",63,334201.461740971,0.167507418397626,4
"8C",44,413034.524354935,0.0611653999276149,24
"8C",1,69702.4950630665,0.0297744890768146,20
"8C",62,51762.1882190704,0.0102884128858154,10
"8C",87,329553.234569073,0.375461699052513,1
"8C",50,415867.541799068,0.0038636363636364,2
"8C",21,69472.093640089,0.0251026928343223,30
"8C",4,156238.011775017,0.0664462809917354,8
"8C",59,76052.9328999519,0.0229296527159395,32
"8C",66,427854.213799953,0.217511680221492,2
"8C",5,75027.7268021107,0.00491062659595354,6
"8C",33,55438.0098490715,0.143092105263158,82
"8C",74,NA,0,0
"8C",77,70171.0978150368,0.00312548835755577,8
"8C",20,507558.685858965,0.00304735114861687,2
"8C",10,147203.15993309,0.0047438330170777,12
"8C",31,415897.141982079,0.000149209191286248,2
"8C",37,NA,0,0
"8C",43,NA,0,0
"8C",55,58961.0313789845,0.0578868490071187,12
"8C",14,64972.0670480728,0.0260137719969395,38
"8C",13,69289.0926311016,0.495578947368421,174
"8C",7,71132.3034460545,0.0194059405940594,32
"8C",86,427796.813465118,0.00127496812579686,2
"9C",9,NA,0,0
"9C",26,151555.394582987,0.0392312789927105,40
"9C",59,321813.437416077,0.137783874409389,4
"9C",34,NA,0,0
"9C",54,416532.623198032,0.0158470995005762,4
"9C",46,145704.558223009,0.00983176753331882,4
"9C",43,156242.624099016,0.108116247553079,4
"9C",27,52993.1760730743,0.0946514652995638,10
"9C",42,327361.271979094,0.0711100397734121,4
"9C",23,528331.309480906,0.000706027711587787,6
"9C",49,NA,0,0
"9C",14,412680.998832941,0.0239405965945461,4
"9C",70,533416.74029398,0.00156184922948777,2
"9C",71,49987.3575088978,0.04813401187447,60
"9C",24,150705.389209986,0.255219582433405,5
"9C",39,407094.564039946,0.0240963855421688,12
"9C",62,NA,0,0
"9C",31,79059.5399000645,0.0970209995116393,6
"9C",63,NA,0,0
"9C",13,NA,0,0
"9C",33,424798.074453115,0.0291100637649016,26
"9C",28,151182.192218065,0.0206127080181544,28
"9C",11,149318.180658102,0.0518102372034956,12
"9C",18,407227.764848948,0.0368130423349986,8
"9C",12,154129.810905933,0.00029114906832306,2
"9C",30,228521.065402031,0.64099165822094,23
"9C",57,NA,0,0
"9C",73,325846.062571049,0.0608411596570029,2
"9C",77,NA,0,0
"9C",58,NA,0,0
"9C",4,151185.192214012,0.121534048656114,14
"9C",29,NA,0,0
"9C",6,531745.730099916,0.00196220179696383,8
"9C",17,236404.913866043,0.0513340448239061,12
"9C",69,528555.310836077,0.00246085011185682,2
"9C",3,405020.550980091,0.0488196195278479,6
"9C",60,400800.324770927,0.0488171235448742,4
"9C",67,NA,0,0
"9C",20,406875.562642097,0.0292986875248575,2
"9C",47,139069.916188002,0.0485131048387097,52
"9C",76,260640.065757036,0.0136124221903002,32
"9C",44,NA,0,0
"9C",38,493272.491837025,0.0174930242541318,2
"9C",1,53918.3819100857,0.180816765180011,34
"9C",22,407218.364820957,0.024483306836248,16
"9C",52,149336.580425978,0.221968766450255,3
"9C",78,149399.980782986,0.376455180442375,70
"9C",66,237809.922553062,0.534271725826193,1
"9C",35,NA,0,0
"9C",41,455383.861705065,0.00365512792947764,4
"9C",56,46309.1348729134,0.00301044802550021,10
"9C",21,393818.680947065,0.0620380562981602,26
"9C",64,50766.3623399734,0.585975919959301,55
"9C",68,416777.024355888,0.0137362637362637,12
"9C",19,532229.733006001,0.000872926798852758,2
"9C",16,152679.802192926,0.0187188019966722,6
"9C",10,535341.351994038,0.000632111251580358,2
"9C",48,406906.362859011,0.010273376284172,4
"9C",2,153009.003880024,0.0743314700105757,8
"9C",36,536499.959057093,0.00308792458963114,6
"9C",61,26.0541288852692,1,0
"9C",25,48292.5470769405,0.644271145770846,47
"9C",5,153001.203870058,0.0401791426743443,4
"9C",75,406903.962842941,0.0117947470817121,28
"9C",8,144394.149600029,0.126631276266313,56
"9C",37,148568.775659084,0.57065036131184,7
"9C",65,452119.841434956,0.0035017508754378,4
"9C",74,204188.9186759,0.167903021530668,1
"9C",40,51180.1649010181,0.512469084913438,169
"9C",51,NA,0,0
"9C",55,406833.562397957,0.0285498916423255,4
"9C",7,399422.716116905,0.0559118566025325,6
"9C",50,NA,0,0
"9C",45,235505.908479929,0.125305837119888,4
"9C",15,52990.1760430336,0.108194262141384,8
"1D",53,1.69584798812866,0.70831746031746,2
"1D",32,2.86246299743652,1,0
"1D",75,NA,0,0
"1D",84,3.02913093566895,0.44956441999083,3
"1D",76,12.8625130653381,0.717729393468118,12
"1D",33,NA,0,0
"1D",74,NA,0,0
"1D",12,5.69580411911011,0.996709585121602,2
"1D",25,NA,0,0
"1D",27,62805.9690740108,0.922922922922923,5
"1D",89,NA,0,0
"1D",59,11.6959249973297,1,0
"1D",73,NA,0,0
"1D",86,426788.747808933,0.04,46
"1D",69,NA,0,0
"1D",81,29.5291709899902,0.999558433912276,2
"1D",92,20.6958301067352,0.778865269918948,37
"1D",17,30.8625130653381,0.877878289473684,2
"1D",36,38.3628420829773,0.95580414450761,8
"1D",71,51.3625459671021,0.861852685751045,3
"1D",88,NA,0,0
"1D",43,NA,0,0
"1D",48,NA,0,0
"1D",96,255999.962481976,0.787080973519057,1
"1D",57,81.1959300041199,0.969628372005282,2
"1D",18,88878.0137019157,0.0815190702242592,12
"1D",98,131.696048974991,1,0
"1D",23,512875.062273026,0.0105044441879256,2
"1D",7,NA,0,0
"1D",34,NA,0,0
"1D",91,62156.9680581093,0.899697580645161,3
"1D",56,NA,0,0
"1D",60,NA,0,0
"1D",39,NA,0,0
"1D",52,NA,0,0
"1D",93,NA,0,0
"1D",40,NA,0,0
"1D",16,433601.925685883,0.000757805395574351,2
"1D",21,255778.128710032,0.282434301521439,83
"1D",29,NA,0,0
"1D",38,NA,0,0
"1D",67,NA,0,0
"1D",72,509511.723309994,0.0292758089368259,2
"1D",83,NA,0,0
"1D",87,NA,0,0
"1D",102,521149.076531887,0.000732198425773323,2
"1D",8,NA,0,0
"1D",46,NA,0,0
"1D",19,353363.459106922,0.00958826847151717,16
"1D",100,NA,0,0
"1D",2,NA,0,0
"1D",49,NA,0,0
"1D",20,520740.909533978,0.00658648339060708,2
"1D",95,NA,0,0
"1D",61,NA,0,0
"1D",70,573.696758031845,0.795523997842891,11
"1D",90,512692.228635073,0.0353407290015848,2
"1D",26,601.363512992859,1,0
"1D",15,NA,0,0
"1D",10,NA,0,0
"1D",13,170929.986377001,0.799524294937139,1
"1D",24,NA,0,0
"1D",80,NA,0,0
"1D",9,NA,0,0
"1D",1,262351.30676198,0.0546075085324231,31
"1D",68,444337.610721111,0.0618357487922705,4
"1D",77,346592.447314024,0.0317353139770424,26
"1D",5,1688.36530804634,1,0
"1D",58,341648.772401094,0.0450988194720785,10
"1D",22,515836.400517941,0.186207735344198,15
"1D",41,257873.798914909,0.66410835214447,139
"1D",28,345010.444586992,0.503222986998798,9
"1D",31,NA,0,0
"1D",30,NA,0,0
"1D",45,NA,0,0
"1D",50,NA,0,0
"1D",55,NA,0,0
"1D",3,341999.43970108,0.425984692925145,67
"1D",44,NA,0,0
"1D",82,345098.778083086,0.143144710355625,136
"1D",99,NA,0,0
"1D",14,520598.575617075,0.13960231980116,1
"1D",63,210243.052421093,1,0
"2D",67,545471.484764099,0.00286162651158506,1
"2D",8,172698.290646076,0.0331736946618386,8
"2D",26,NA,0,0
"2D",54,371948.245353937,0.00859013867488434,36
"2D",34,NA,0,0
"2D",29,325570.304557085,0.0205918973278421,8
"2D",4,NA,0,0
"2D",73,415772.013737917,0.030060300603006,8
"2D",80,223889.072901964,0.198922413793103,5
"2D",47,NA,0,0
"2D",63,NA,0,0
"2D",48,NA,0,0
"2D",96,NA,0,0
"2D",78,NA,0,0
"2D",79,516762.917742014,0.0220934444042014,2
"2D",53,NA,0,0
"2D",38,NA,0,0
"2D",59,NA,0,0
"2D",43,511150.071105957,0.00468735352020255,2
"2D",39,53150.0234470367,0.000377216144850978,2
"2D",46,NA,0,0
"2D",9,NA,0,0
"2D",12,75751.9061069489,0.017534466604203,2
"2D",93,57397.6994690895,0.0767717641769234,38
"2D",87,230627.921168089,0.0601748322829843,4
"2D",44,448531.758260965,0.002561384914326,2
"2D",71,NA,0,0
"2D",41,NA,0,0
"2D",91,NA,0,0
"2D",86,342908.011183023,0.00964715210783673,2
"2D",61,NA,0,0
"2D",30,335031.492734909,0.00276752767527677,6
"2D",56,NA,0,0
"2D",51,NA,0,0
"2D",64,NA,0,0
"2D",66,NA,0,0
"2D",18,NA,0,0
"2D",19,398823.807851076,0.00155078831739464,10
"2D",15,NA,0,0
"2D",21,257509.815413952,0.0741436925647452,14
"2D",28,176298.965449095,0.206672845227062,20
"2D",20,47816.5116939545,0.0111896348645466,2
"2D",5,NA,0,0
"2D",50,NA,0,0
"2D",83,NA,0,0
"2D",36,NA,0,0
"2D",89,NA,0,0
"2D",24,NA,0,0
"2D",45,334813.492264986,0.0129101145408659,6
"2D",35,NA,0,0
"2D",23,162489.767591953,0.0601134215500945,2
"2D",11,NA,0,0
"2D",85,NA,0,0
"2D",81,NA,0,0
"2D",76,NA,0,0
"2D",16,234502.096627951,0.2921837866385,16
"2D",1,NA,0,0
"2D",3,NA,0,0
"2D",60,NA,0,0
"2D",92,436118.062917948,0.00208896534775138,4
"2D",75,240005.609357119,0.016047382808545,4
"2D",68,NA,0,0
"2D",37,330626.81663394,0.0102790014684289,6
"2D",42,484866.010075092,0.00276455229611416,2
"2D",62,NA,0,0
"2D",57,NA,0,0
"2D",55,536026.462862015,0.00388802488335926,6
"2D",65,NA,0,0
"2D",14,268545.674304962,0.00154987268902906,2
"2D",25,337368.331310987,0.0409328891004284,8
"2D",22,NA,0,0
"2D",88,NA,0,0
"2D",32,NA,0,0
"2D",82,83223.9228549004,0.060705613483788,4
"2D",94,358438.047254086,0.0235953591448312,12
"2D",72,NA,0,0
"2D",31,NA,0,0
"2D",13,NA,0,0
"2D",17,NA,0,0
"2D",7,NA,0,0
"2D",10,NA,0,0
"2D",84,81599.9190349579,0.0615114235500878,2
"2D",40,NA,0,0
"2D",6,236435.767735958,0.0151278664905752,2
"2D",33,NA,0,0
"2D",90,NA,0,0
"2D",27,NA,0,0
"2D",77,287428.050798893,0.0499386000818665,1
"2D",95,58694.8689670563,0.161160466407551,224
"3D",8,319767.844475985,0.00811443868161277,2
"3D",34,318789.342611074,0.00521099417594773,4
"3D",5,417946.362456083,0.0468581687612208,60
"3D",85,317065.839256048,0.0187068303914044,2
"3D",72,NA,0,0
"3D",14,NA,0,0
"3D",54,NA,0,0
"3D",21,NA,0,0
"3D",76,318798.342667103,0.0571118563819293,4
"3D",48,316189.170955896,0.0614702874673332,2
"3D",47,316697.671870947,0.132796780684105,84
"3D",15,317079.005949974,0.03281079110463,12
"3D",75,316897.17225194,0.0170815677966101,8
"3D",87,NA,0,0
"3D",43,316899.338951111,0.0181771413872931,2
"3D",19,NA,0,0
"3D",23,518859.554600954,0.0144242424242425,12
"3D",12,321225.680581093,0.00494617398894381,2
"3D",16,316444.671427011,0.035509138381201,14
"3D",18,317073.839272976,0.164594197085172,134
"3D",53,310509.827079058,0.0155652648825779,8
"3D",24,305160.817090034,0.568810189499845,142
"3D",69,NA,0,0
"3D",38,NA,0,0
"3D",2,310517.827099085,0.135811982277018,20
"3D",52,310220.159843922,0.0499124343257442,46
"3D",17,321545.014514923,0.0058183899275086,4
"3D",59,310510.327050924,0.083524165360974,4
"3D",9,147837.519704103,0.091214953271028,46
"3D",79,318825.509360075,0.0572239816533799,16
"3D",46,306357.985986948,0.039568345323741,80
"3D",61,316077.50405407,0.214474743988034,2
"3D",10,312775.164710045,0.499513833642712,84
"3D",80,NA,0,0
"3D",40,315541.169750929,0.0267052767052767,2
"3D",1,NA,0,0
"3D",25,503302.024971008,0.00387564937742235,6
"3D",67,316860.672213078,0.12950512509644,42
"3D",29,318808.009319067,0.0172095881991394,6
"3D",44,320470.512515068,0.0427732736930388,18
"3D",7,320784.679752111,0.0106956598603376,2
"3D",13,496808.345280886,0.00088715400993622,2
"3D",51,316443.838068008,0.065269666781175,6
"3D",84,309796.325719118,0.0982528649257937,14
"3D",63,NA,0,0
"3D",22,318786.675981045,0.00202905608311021,2
"3D",36,NA,0,0
"3D",82,495967.843714952,0.0206557705805674,12
"3D",56,308903.990845919,0.0472695006856498,2
"3D",73,NA,0,0
"3D",64,315529.503067017,0.0384063908234331,24
"3D",32,NA,0,0
"3D",35,NA,0,0
"3D",68,319764.344470024,0.0240254964452071,24
"3D",31,400286.163120985,0.0123071589530248,12
"3D",50,496810.178630114,0.000633071663712403,2
"3D",78,310166.493066072,0.00101075071211976,2
"3D",62,318866.509469032,0.053813935778652,2
"3D",81,319020.843097925,0.00252703932073173,8
"3D",33,NA,0,0
"3D",28,320774.846434116,0.0627360469995804,92
"3D",83,461445.111601114,0.00378576995880198,8
"3D",3,317131.006057024,0.0200803212851406,2
"3D",39,321446.847666025,0.143739553811496,8
"3D",42,318777.676244974,0.0131318582478863,2
"3D",74,309610.992044926,0.0495741819811744,72
"3D",58,316655.338450909,0.0513143176733781,76
"3D",11,NA,0,0
"3D",57,317052.83928895,0.117063492063492,2
"3D",49,322726.183470011,0.0522830254444058,18
"3D",41,NA,0,0
"3D",26,148762.688052893,0.0823280228381986,140
"3D",70,NA,0,0
"3D",4,317063.339247942,0.0248333691679208,4
"3D",20,316703.671880007,0.0424963844699076,8
"3D",86,NA,0,0
"3D",65,237477.521509886,0.0963842646591029,16
"3D",60,NA,0,0
"3D",88,413212.020303011,0.0271339739966083,18
"3D",30,41581.483725071,0.0265103948653551,20
"3D",6,725.905581951141,0.442312906724512,284
"3D",27,316056.670713902,0.036509675063892,18
"3D",55,317076.672616959,0.0484446710861806,10
"3D",37,325953.856066942,0.0923937031043107,20
"4D",39,230815.955934048,0.00188007124480505,6
"4D",5,NA,0,0
"4D",17,NA,0,0
"4D",85,2.75542998313904,0.224256292906178,67
"4D",77,234183.463659048,0.000274160383824551,4
"4D",75,NA,0,0
"4D",89,231524.124228001,0.000865051903114145,2
"4D",4,70315.7505669594,0.0100755667506298,32
"4D",44,144655.756536961,0.0404308897593733,10
"4D",22,349830.228346109,0.0160484642363694,52
"4D",61,NA,0,0
"4D",31,NA,0,0
"4D",57,NA,0,0
"4D",10,NA,0,0
"4D",80,189922.694775105,0.00138026224982757,8
"4D",90,228490.450520992,0.0285888696713805,90
"4D",36,147020.92867589,0.0135332564398309,24
"4D",6,147837.263932943,0.00120084058841186,2
"4D",86,419598.22000289,0.0141766630316249,2
"4D",25,NA,0,0
"4D",42,228761.78452301,0.0129895121716539,128
"4D",7,NA,0,0
"4D",18,NA,0,0
"4D",28,234834.46548605,0.0281574180800264,114
"4D",45,NA,0,0
"4D",66,239219.141959906,0.0166312367137678,80
"4D",65,147388.096162081,0.026517455297409,16
"4D",81,234872.298608065,0.00116397497453802,2
"4D",55,148037.931083918,0.000959769655282772,2
"4D",48,275504.892446041,0.000654236179260748,6
"4D",83,NA,0,0
"4D",14,58280.7231760025,0.0330920372285419,76
"4D",92,146812.09483099,0.0838282543082465,300
"4D",15,NA,0,0
"4D",19,234930.465405941,0.0343005770950175,166
"4D",47,228626.117569923,0.0651936715766503,2
"4D",74,495943.059999943,0.00422794117647052,4
"4D",49,NA,0,0
"4D",26,146762.594722033,0.0886062068209232,92
"4D",35,240029.810493946,0.000649772579597085,2
"4D",93,NA,0,0
"4D",63,NA,0,0
"4D",88,NA,0,0
"4D",16,231082.123243093,0.0182316118935837,14
"4D",13,NA,0,0
"4D",1,234879.965312004,0.0245056411500668,2
"4D",20,NA,0,0
"4D",2,152053.440690994,0.00860909335485616,10
"4D",53,61727.0644900799,0.00793188764371999,4
"4D",69,500759.238164902,0.000760745530619999,2
"4D",71,92882.8032488823,0.0422142572680206,96
"4D",50,NA,0,0
"4D",78,493410.887378931,0.00452529640691468,4
"4D",72,234469.797749043,0.00470781646988483,2
"4D",29,NA,0,0
"4D",38,192097.866369009,0.000886874260938031,10
"4D",64,NA,0,0
"4D",54,100.422235012054,0.448508318990247,21
"4D",56,231138.123361111,0.0361898793670687,10
"4D",68,272.92264008522,0.169952413324269,45
"4D",60,NA,0,0
"4D",62,NA,0,0
"4D",43,194090.537735939,0.0175018231065736,42
"4D",8,NA,0,0
"4D",27,NA,0,0
"4D",9,NA,0,0
"4D",41,147830.930555105,0.00557825267127599,6
"4D",52,45995.6949629784,0.0254300057608428,150
"4D",59,233668.295814991,0.136687483507784,8
"4D",84,153296.776413918,0.0138004246284502,64
"4D",79,145052.757394075,0.154720766915617,28
"4D",3,147274.429261923,0.03919255472539,100
"4D",73,NA,0,0
"4D",76,NA,0,0
"4D",24,147841.097266912,0.00308505949757598,4
"4D",12,NA,0,0
"4D",33,404318.019473076,0.00724637681159424,30
"4D",87,NA,0,0
"4D",30,NA,0,0
"4D",37,NA,0,0
"4D",46,NA,0,0
"4D",82,233552.795538902,0.00709336852523923,8
"4D",11,234745.964992046,0.00108086198743496,4
"4D",21,147800.597184896,0.0647291941875825,6
"4D",51,180353.005969048,0.0187848862172606,102
"4D",70,146813.761460066,0.052910052910053,6
"4D",67,147822.763904095,0.181828571428571,120
"4D",91,383969.806359053,9.00414190527776e-05,2
"4D",34,NA,0,0
"5D",75,134786.960365057,0.000213424394408301,4
"5D",96,58370.7893540859,0.0368511263467188,130
"5D",14,NA,0,0
"5D",20,156741.676285028,0.0146110872367855,56
"5D",67,333663.322561026,0.00684859340427768,16
"5D",60,52721.2763690948,0.0410937253042516,57
"5D",24,NA,0,0
"5D",68,241205.548624039,0.00123877361412195,2
"5D",32,213897.379524946,0.0186125211505923,34
"5D",37,58420.4561760426,0.00109529025191679,2
"5D",26,NA,0,0
"5D",11,101224.219182014,0.0397936624907884,70
"5D",1,NA,0,0
"5D",99,211588.965013981,0.058327219369039,68
"5D",31,308284.364856005,0.00986288188597539,26
"5D",53,339444.358387947,0.000720386950704865,2
"5D",16,63263.8003098965,0.0841766877009167,139
"5D",84,NA,0,0
"5D",66,48562.9336810112,0.0208052181736391,28
"5D",88,NA,0,0
"5D",21,54392.7801110744,0.00923482849604218,32
"5D",80,82073.1758460999,0.0273154075970978,104
"5D",9,50600.2716670036,0.0146568954030646,32
"5D",19,17273.0318789482,0.00709137409904681,6
"5D",8,NA,0,0
"5D",41,202517.277782917,0.02221011036926,32
"5D",70,NA,0,0
"5D",36,57949.9550440311,0.0118245390972664,10
"5D",61,NA,0,0
"5D",35,55290.4488549232,0.0559903008927587,70
"5D",30,NA,0,0
"5D",78,304457.341057062,0.0377331624661825,78
"5D",44,54270.2797689438,0.00580421922089513,16
"5D",100,56367.2846169472,0.0254014214266913,58
"5D",86,NA,0,0
"5D",48,420878.864984989,0.0349794238683128,2
"5D",29,67983.6441600323,0.0908376375477207,227
"5D",25,414297.824039936,0.00455707458041577,4
"5D",73,58252.4557359219,0.0228097459823744,62
"5D",56,414912.227859974,0.00296076980014814,2
"5D",4,41490.7510170937,0.00575815738963525,12
"5D",95,NA,0,0
"5D",47,NA,0,0
"5D",90,67909.8106329441,0.0106010324483776,6
"5D",92,NA,0,0
"5D",43,147432.988289118,0.0101097945428852,32
"5D",97,131106.118729115,0.0206045291087569,62
"5D",28,322536.453413963,0.00784313725490193,8
"5D",63,401052.141339064,0.00819134993446924,2
"5D",22,141955.809391022,0.0324668202259515,94
"5D",49,57386.7873589993,0.030789387487717,6
"5D",17,67681.9767720699,0.0712648260739559,166
"5D",94,155652.673511028,0.000172087420409639,2
"5D",57,147498.48843503,0.00647146191385528,6
"5D",74,146894.48705411,0.0127388535031847,40
"5D",33,102548.888523102,0.000317897636960884,2
"5D",59,408092.985400915,0.00802919708029193,6
"5D",82,NA,0,0
"5D",89,71790.1526041031,0.0253725332259365,54
"5D",81,142591.477421999,0.0365896563855987,82
"5D",87,NA,0,0
"5D",62,93605.5351269245,0.0359201317414575,128
"5D",23,341332.970175028,0.00100764127970443,2
"5D",65,NA,0,0
"5D",18,NA,0,0
"5D",34,69610.814440012,0.000740975971207813,2
"5D",98,10389.5169599056,0.0300921572315216,12
"5D",71,333554.521881104,0.0205278592375366,2
"5D",64,57660.1211020947,0.0718008861089392,96
"5D",27,47701.7650449276,0.22973092975757,568
"5D",79,NA,0,0
"5D",42,NA,0,0
"5D",5,321727.648339033,0.087791932059448,124
"5D",46,214330.782217979,0.0015120636381567,10
"5D",12,NA,0,0
"5D",69,NA,0,0
"5D",55,67306.3092670441,0.0143850395588587,24
"5D",76,156174.174712896,0.0287936839660978,30
"5D",39,NA,0,0
"5D",77,63204.1335439682,0.00697533360291147,4
"5D",52,140629.973133087,0.000700280112044815,2
"5D",15,202155.610317945,0.0325552825552826,68
"5D",2,NA,0,0
"5D",91,321850.849067926,0.00188921635305683,6
"5D",45,71751.6524729729,0.0288059348117748,76
"5D",72,NA,0,0
"5D",38,65384.9716570377,0.0476885098743267,83
"5D",83,62751.29915905,0.0349401488191523,82
"5D",93,NA,0,0
"5D",85,59755.2925128937,0.0354765161878705,87
"5D",58,99258.3813169003,0.00170125893160944,2
"5D",51,NA,0,0
"5D",50,94082.536206007,0.00251791594034478,4
"5D",6,61456.4629609585,0.0311700961889687,88
"5D",54,219494.614253044,0.0398467432950191,58
"6D",78,168607.713787079,9.62278675904482e-05,2
"6D",11,NA,0,0
"6D",22,NA,0,0
"6D",35,495149.026365995,0.00548713571515669,10
"6D",55,497933.044266939,0.00641689091285458,4
"6D",65,45562.3160688877,0.000110460620788677,2
"6D",13,NA,0,0
"6D",24,159669.055675983,0.0442271880819367,34
"6D",30,495156.22638607,0.0103462837837838,4
"6D",72,328940.950898886,0.00528235442082758,12
"6D",69,NA,0,0
"6D",53,NA,0,0
"6D",6,NA,0,0
"6D",40,NA,0,0
"6D",29,NA,0,0
"6D",23,501407.266850948,0.00486891385767785,4
"6D",50,330612.361695051,0.00327413433872414,12
"6D",15,NA,0,0
"6D",66,73366.2967159748,0.0212596634834015,104
"6D",26,NA,0,0
"6D",80,330197.559077024,0.00575412194312275,2
"6D",61,NA,0,0
"6D",9,NA,0,0
"6D",14,NA,0,0
"6D",48,NA,0,0
"6D",16,NA,0,0
"6D",37,NA,0,0
"6D",10,NA,0,0
"6D",18,495159.826407909,0.00445121236968493,4
"6D",59,330594.161647081,0.00349061145883489,4
"6D",79,44517.9091989994,0.321358589157414,46
"6D",19,355596.923688889,0.00734843845682787,6
"6D",43,NA,0,0
"6D",81,330462.960724115,0.0105354486861675,8
"6D",56,243552.998476982,0.0455287872601062,34
"6D",76,60448.2130110264,0.0887552172845569,252
"6D",63,505272.291378021,0.00059672992003823,2
"6D",3,NA,0,0
"6D",62,274506.998724937,0.00779708783466426,12
"6D",21,NA,0,0
"6D",42,NA,0,0
"6D",46,273941.195043087,0.0283442088091355,60
"6D",32,330563.961374998,0.0128470783257355,14
"6D",64,47421.9280800819,0.360399284862932,58
"6D",33,61555.2201740742,0.00737735153080044,4
"6D",60,NA,0,0
"6D",2,330401.760368109,0.0124084025403028,2
"6D",8,159366.453707933,0.0433821497651286,70
"6D",31,67126.4566919804,0.256319115323855,17
"6D",41,NA,0,0
"6D",67,44889.9117100239,0.278267594740913,74
"6D",4,68907.4678330421,0.0695542774982028,258
"6D",74,NA,0,0
"6D",12,NA,0,0
"6D",39,44322.3079950809,0.379801623083859,6
"6D",1,NA,0,0
"6D",20,NA,0,0
"6D",45,NA,0,0
"6D",52,160015.457760096,0.01817554354078,172
"6D",27,NA,0,0
"6D",77,330582.561589956,0.000214178624973194,2
"6D",47,NA,0,0
"6D",38,162867.876584053,0.00756779482867342,94
"6D",83,74441.3037080765,0.0467884260209317,222
"6D",49,164438.286410093,0.0730193008503173,4
"6D",34,45094.1130490303,0.0290418315432448,142
"6D",82,NA,0,0
"6D",58,NA,0,0
"6D",68,495314.227401018,0.00506573392835596,4
"6D",57,NA,0,0
"6D",70,74684.7052519321,0.0111594032655937,12
"6D",51,NA,0,0
"6D",36,NA,0,0
"6D",25,NA,0,0
"6D",28,NA,0,0
"6D",71,337569.806956053,0.0151319192964303,8
"6D",17,251137.647303104,0.0104996379435192,96
"6D",7,NA,0,0
"6D",44,507000.902421951,0.00532052945756556,4
"6D",54,159920.257183075,0.0203341536070458,88
"7D",93,NA,0,0
"7D",63,420673.215436935,0.00117964273677118,4
"7D",73,66318.6911530495,0.00826086956521732,12
"7D",4,1.46924495697021,0.434100418410042,26
"7D",54,1.66950297355652,1,0
"7D",83,65855.6881959438,0.023086574654956,2
"7D",53,NA,0,0
"7D",90,9.6693160533905,1,0
"7D",33,238397.171946049,0.0289323553382232,1
"7D",49,NA,0,0
"7D",76,NA,0,0
"7D",9,8.06963896751404,1,0
"7D",24,487005.231954098,0.0100788781770378,6
"7D",65,413606.573750019,0.0591231580862288,38
"7D",32,7.66928195953369,1,0
"7D",59,NA,0,0
"7D",13,421790.221839905,0.0050694705219676,8
"7D",79,486962.832015991,0.0333276069403883,8
"7D",56,54517.2160539627,0.0108975861260838,14
"7D",68,78262.5673539639,0.135163453478625,22
"7D",43,501913.720626116,0.0174769917263178,2
"7D",85,NA,0,0
"7D",46,486980.431833982,0.00368574199806004,24
"7D",74,NA,0,0
"7D",16,526147.665306091,0.00666349357448826,2
"7D",62,54617.6167590618,0.00256519880290718,4
"7D",38,482739.178520918,0.239185428788262,38
"7D",5,23698.8201570511,0.421409214092141,1
"7D",47,55987.8256759644,0.175429597332649,2
"7D",71,NA,0,0
"7D",1,500204.310373068,0.0102164923376307,4
"7D",86,53657.2109279633,0.00546188553787696,4
"7D",89,79385.5743479729,0.0873221216041398,3
"7D",15,53856.8119530678,0.0846513700155938,6
"7D",61,NA,0,0
"7D",26,63664.0742080212,0.0224082738241813,4
"7D",57,NA,0,0
"7D",23,102.269932985306,1,0
"7D",2,488605.241168022,0.0108401084010841,2
"7D",77,489629.646992922,0.035521504440188,8
"7D",19,416775.192563057,0.102970739334376,1
"7D",64,138820.751666069,0.199176694110196,1
"7D",21,145949.996696949,0.284655103932212,48
"7D",29,NA,0,0
"7D",51,NA,0,0
"7D",11,54593.6165750027,0.10617311315527,4
"7D",31,502531.924319029,0.0115761353517365,8
"7D",30,332614.712723017,0.038958829533855,6
"7D",12,54538.6161580086,0.0221476510067113,5
"7D",40,479143.957326889,0.0570114942528737,20
"7D",55,53445.2092568874,0.335391822827939,29
"7D",92,NA,0,0
"7D",28,416903.193314075,0.0419136325148179,18
"7D",81,489117.244066954,0.00207813798836232,2
"7D",34,154113.848249912,0.270476631189264,1
"7D",22,268.470918893814,1,0
"7D",36,40243.7257180214,0.00165357585779247,2
"7D",18,418052.200037003,0.248803827751196,30
"7D",48,NA,0,0
"7D",72,56026.2256848812,0.00451297480255741,2
"7D",39,419021.605670929,0.056747650292605,30
"7D",50,55283.4212369919,0.0133942808546827,12
"7D",58,502369.723365068,0.00400188323917128,4
"7D",75,96778.2848160267,0.0125852123754588,4
"7D",88,152421.63776207,0.00101317122593714,4
"7D",8,489781.247912884,0.112433011789925,1
"7D",37,402709.910151005,0.106983655274889,10
"7D",6,419331.607534885,0.158578263841422,53
"7D",69,NA,0,0
"7D",27,NA,0,0
"7D",41,NA,0,0
"7D",78,NA,0,0
"7D",3,486932.831568956,0.000566786321556823,2
"7D",7,493324.669373989,0.0078797874289902,2
"7D",91,153925.247098923,0.173714910681735,16
"7D",17,151815.033894062,0.312991215903837,1
"7D",14,60760.2556838989,0.00222536920898242,4
"7D",67,45099.3564729691,0.114660680366085,30
"7D",82,NA,0,0
"7D",45,NA,0,0
"7D",60,411888.36371398,0.266742338251986,52
"7D",20,419326.807532072,0.0174336103790798,14
"7D",25,79447.7747330666,0.0743277100384165,28
"7D",87,499484.505979061,0.0117461034560651,4
"7D",70,78242.1671888828,0.250418480080348,6
"7D",44,54940.8187029362,0.144006436041834,6
"7D",80,53446.4093670845,0.0256702795208215,3
"7D",35,54616.0166840553,0.380760851349087,108
"7D",84,55213.0204629898,0.0406150275601973,16
"7D",66,1294.87742090225,1,0
"7D",42,495211.880575895,0.152114597544338,2
"7D",10,1193.8768029213,1,0
"7D",52,29965.2603039742,1,0
"8D",52,231669.885855913,0.0763526821920983,4
"8D",25,58181.7230579853,0.231702763256161,3
"8D",85,419219.325011015,0.0605069501226492,6
"8D",62,414979.894959927,0.0531367041198503,2
"8D",23,3.72725391387939,0.898825468782197,39
"8D",81,230441.077557087,0.714223764093669,2
"8D",53,240155.541394949,0.0420799519086263,8
"8D",39,NA,0,0
"8D",48,83575.8962109089,0.450283471434802,7
"8D",46,NA,0,0
"8D",86,230564.478722095,0.0155189136760427,4
"8D",26,NA,0,0
"8D",74,504182.096023083,0.0529764549089293,2
"8D",75,510827.742522001,0.00064084306465384,2
"8D",61,333487.555241108,0.185094310688545,2
"8D",24,58127.5226500034,0.00910536204653845,6
"8D",17,508020.522654057,0.000854116843184149,2
"8D",41,416000.102102041,0.0234230055658626,2
"8D",13,239118.734669924,0.151295843520782,8
"8D",47,414620.292809963,0.230958230958231,1
"8D",55,240562.344083071,0.0676626506024096,22
"8D",29,229608.072542906,0.0914767096134788,12
"8D",68,414770.293509007,0.188475531040958,3
"8D",58,494954.232270002,0.00794868219216283,2
"8D",80,NA,0,0
"8D",21,235087.108030081,0.251714285714286,4
"8D",28,NA,0,0
"8D",71,421373.939635038,0.021290117572291,10
"8D",19,241866.752522945,0.0137542277339346,10
"8D",40,510443.339524031,0.00411739864864868,2
"8D",18,56783.9136390686,0.0158835208471211,20
"8D",11,37990.7869288921,0.458204334365325,5
"8D",32,NA,0,0
"8D",38,231465.28430295,0.0126411770800954,6
"8D",70,414911.694545031,0.0297310634098198,4
"8D",37,NA,0,0
"8D",14,246950.586056948,0.417080646866082,9
"8D",73,415077.895745039,0.00479774223894647,6
"8D",3,166133.652863026,0.0322223977254779,4
"8D",65,145443.716464043,0.686822046320727,24
"8D",31,242667.958060026,0.00725247004414542,30
"8D",22,60563.7392110825,0.00713916192446984,8
"8D",54,152280.361568928,0.416434540389972,10
"8D",82,246103.380445004,0.0145268943855517,2
"8D",56,241920.552877903,0.06035417419588,4
"8D",43,166229.453495979,0.715922914399129,3
"8D",76,421093.338010073,0.0813122563880468,4
"8D",5,NA,0,0
"8D",64,NA,0,0
"8D",30,413878.087146997,0.038195753235331,4
"8D",51,253700.630568027,0.00585764809902733,6
"8D",79,52548.4850449562,0.00237632317995251,6
"8D",33,NA,0,0
"8D",84,NA,0,0
"8D",27,46513.6441659927,0.188393243828497,86
"8D",6,491084.00543499,0.0209223354146129,2
"8D",8,240138.541289091,0.0991341030195383,6
"8D",83,492489.41525507,0.00485436893203883,4
"8D",10,NA,0,0
"8D",12,229569.67236805,0.176287886901574,6
"8D",50,240313.742409945,0.0453602729644744,138
"8D",66,NA,0,0
"8D",36,511466.746607065,0.0311067907235105,2
"8D",7,244851.172497988,0.101840101522843,4
"8D",45,NA,0,0
"8D",34,344302.026365995,0.276399560922064,2
"8D",69,NA,0,0
"8D",42,52598.8853609562,0.00194817845314632,2
"8D",44,337915.584593058,0.131302090449515,10
"8D",63,53841.8936460018,0.0421292775665398,6
"8D",16,NA,0,0
"8D",15,52337.6836309433,0.163535645472062,5
"8D",35,NA,0,0
"8D",57,53000.2879939079,0.234287317620651,3
"8D",20,510970.543189049,0.042143212332173,2
"8D",87,NA,0,0
"8D",78,155127.380004883,0.130463059313215,106
"8D",4,505788.90713501,0.000742705570291768,2
"8D",9,NA,0,0
"9D",85,NA,0,0
"9D",8,408162.413433075,0.000493157440512926,1
"9D",48,229102.800178051,0.0465060240963855,8
"9D",76,436001.770009995,0.0062334995599882,4
"9D",55,201599.244708061,0.00276445239450362,2
"9D",1,146886.335138083,0.0262626262626262,4
"9D",79,95394.8432219028,0.233204560444738,4
"9D",39,302653.416779041,0.00806331193071519,2
"9D",45,534267.124337912,0.00255474452554738,2
"9D",53,NA,0,0
"9D",44,NA,0,0
"9D",37,171497.474251032,0.0129470348574015,6
"9D",24,286969.527968884,0.0131379484588177,2
"9D",43,237718.84901309,0.0122123536536132,2
"9D",47,NA,0,0
"9D",25,147818.140191078,0.0181982252970372,8
"9D",66,389989.910577059,0.0439828955406232,2
"9D",2,544266.580663919,0.00275252848546925,2
"9D",7,NA,0,0
"9D",87,NA,0,0
"9D",75,NA,0,0
"9D",34,NA,0,0
"9D",88,529852.499572039,0.000694927032661496,2
"9D",18,NA,0,0
"9D",73,526162.478864908,0.00204419351698637,4
"9D",92,NA,0,0
"9D",65,NA,0,0
"9D",49,231525.214143991,0.00543056633048877,2
"9D",82,NA,0,0
"9D",41,146527.532720089,0.00492914356130614,6
"9D",54,NA,0,0
"9D",23,138769.889098883,0.0991816693944354,16
"9D",28,243233.880315065,0.0144927536231885,4
"9D",27,374377.822524071,0.267133876120787,3
"9D",97,135235.869036913,0.0196059493915395,2
"9D",60,410924.229059935,0.0985850365301026,2
"9D",29,448066.63813591,0.0045385779122542,8
"9D",35,356501.321302891,0.0114718086404686,1
"9D",46,164178.232417107,0.0270205066344993,2
"9D",94,321358.922512054,0.00608766233766245,2
"9D",86,309735.256685972,0.00484780157835396,1
"9D",61,140053.296221972,0.112450220079648,2
"9D",93,522847.860085964,0.00435330507503728,6
"9D",36,334359.596345901,0.00092293493308726,2
"9D",10,332154.583811998,0.00414791901012368,2
"9D",91,137911.684297085,0.0151454762853727,4
"9D",17,140305.69769907,0.134161805731676,4
"9D",74,NA,0,0
"9D",80,149322.94859004,0.0207478087207367,2
"9D",15,NA,0,0
"9D",64,NA,0,0
"9D",51,NA,0,0
"9D",84,NA,0,0
"9D",81,536880.339020967,0.0025409836065573,2
"9D",32,NA,0,0
"9D",68,NA,0,0
"9D",77,144695.32268095,0.0322013509762191,6
"9D",62,166907.047733068,0.0108564535585043,4
"9D",95,531575.309195995,0.000479099293328566,2
"9D",14,386380.490453959,0.154797441364606,1
"9D",57,149707.750468969,0.0110725977277104,2
"9D",70,NA,0,0
"9D",52,451531.257643938,0.0490384615384616,8
"9D",16,532457.114131927,0.0338873856461797,2
"9D",83,NA,0,0
"9D",38,NA,0,0
"9D",31,402885.783535004,0.0413367609254498,6
"9D",56,543178.574487925,0.000597014925373118,2
"9D",19,NA,0,0
"9D",67,NA,0,0
"9D",69,87275.5970849991,0.110655737704918,6
"9D",5,NA,0,0
"9D",9,229834.604794025,0.00192766660547083,2
"9D",13,NA,0,0
"9D",59,NA,0,0
"9D",26,281971.699198961,0.00490147044113232,2
"9D",58,NA,0,0
"9D",4,222096.36046505,0.0014471780028944,1
"9D",50,NA,0,0
"9D",22,525390.874540091,0.00234764746160621,8
"9D",72,497313.116246939,0.0927157966564311,2
"9D",98,60969.0480511189,0.0140426404264042,6
"9D",12,538239.746537924,0.00067129111658093,4
"9D",3,NA,0,0
"9D",89,NA,0,0
"9D",90,264256.999269962,0.112449290060852,21
"9D",40,304290.025898933,0.00265522875817004,8
"9D",99,53574.6064870358,0.127823208722741,2
"9D",33,NA,0,0
"9D",71,163197.226783991,0.233950883239983,6
"9D",30,NA,0,0
"9D",11,NA,0,0
"9D",20,NA,0,0
