Bee_ID,Hive,Treatment,Box,Bee_weight_g,Gut_tube,Tube_with_gut,Gut_weight_mg,Bee_weight_mg
H1B1_1,H1,MD,B1,0.108,1.927,1.952,25,108
H1B1_2,H1,MD,B1,0.137,1.828,1.864,36,137
H1B1_3,H1,MD,B1,0.111,1.75,1.785,35,111
H1B1_4,H1,MD,B1,0.13,1.882,1.907,25,130
H1B1_5,H1,MD,B1,0.109,1.937,1.967,30,109
H1B1_6,H1,MD,B1,0.136,1.744,1.793,49,136
H1B1_7,H1,MD,B1,0.124,1.933,1.981,48,124
H1B1_8,H1,MD,B1,0.16,2.029,2.091,62,160
H1B1_9,H1,MD,B1,0.133,1.779,1.829,50,133
H1B1_10,H1,MD,B1,0.115,1.869,1.909,40,115
H1B2_1,H1,MD,B2,0.141,1.851,1.914,63,141
H1B2_2,H1,MD,B2,0.133,1.894,1.954,60,133
H1B2_3,H1,MD,B2,0.149,1.901,1.968,67,149
H1B2_4,H1,MD,B2,0.132,1.812,1.866,54,132
H1B2_5,H1,MD,B2,0.126,1.795,1.851,56,126
H1B2_6,H1,MD,B2,0.137,1.773,1.83,57,137
H1B2_7,H1,MD,B2,0.129,1.824,1.864,40,129
H1B2_8,H1,MD,B2,0.133,1.902,1.955,53,133
H1B2_9,H1,MD,B2,0.116,1.797,1.836,39,116
H1B2_10,H1,MD,B2,0.124,1.918,1.96,42,124
H1B3_1,H1,CL_Bifi,B3,0.13,1.806,1.862,56,130
H1B3_2,H1,CL_Bifi,B3,0.133,1.809,1.861,52,133
H1B3_3,H1,CL_Bifi,B3,0.115,1.857,1.897,40,115
H1B3_4,H1,CL_Bifi,B3,0.157,2.013,2.097,84,157
H1B3_5,H1,CL_Bifi,B3,0.142,1.793,1.855,62,142
H1B3_6,H1,CL_Bifi,B3,0.102,1.832,1.854,22,102
H1B3_7,H1,CL_Bifi,B3,0.141,2.004,2.075,71,141
H1B3_8,H1,CL_Bifi,B3,0.13,1.849,1.903,54,130
H1B3_9,H1,CL_Bifi,B3,0.133,1.775,1.826,51,133
H1B3_10,H1,CL_Bifi,B3,0.108,1.91,1.933,23,108
H1B4_1,H1,MD,B4,0.125,1.853,1.904,51,125
H1B4_2,H1,MD,B4,0.136,1.845,1.904,59,136
H1B4_3,H1,MD,B4,0.135,1.869,1.917,48,135
H1B4_4,H1,MD,B4,0.141,1.896,1.941,45,141
H1B4_5,H1,MD,B4,0.154,1.768,1.84,72,154
H1B4_6,H1,MD,B4,0.156,1.763,1.825,62,156
H1B4_7,H1,MD,B4,0.133,1.886,1.935,49,133
H1B4_8,H1,MD,B4,0.096,1.845,1.857,12,96
H1B4_9,H1,MD,B4,0.127,1.858,1.909,51,127
H1B4_10,H1,MD,B4,0.112,1.95,1.985,35,112
H1B5_1,H1,CL_13,B5,0.126,1.92,1.97,50,126
H1B5_2,H1,CL_13,B5,0.105,1.903,1.931,28,105
H1B5_3,H1,CL_13,B5,0.12,1.888,1.927,39,120
H1B5_4,H1,CL_13,B5,0.138,1.881,1.937,56,138
H1B5_5,H1,CL_13,B5,0.153,1.757,1.82,63,153
H1B5_6,H1,CL_13,B5,0.115,1.839,1.88,41,115
H1B5_7,H1,CL_13,B5,0.125,1.782,1.834,52,125
H1B5_8,H1,CL_13,B5,0.143,1.874,1.934,60,143
H1B5_9,H1,CL_13,B5,0.129,1.787,1.842,55,129
H1B5_10,H1,CL_13,B5,0.136,1.862,1.92,58,136
H1B6_1,H1,CL,B6,0.095,1.816,1.84,24,95
H1B6_2,H1,CL,B6,0.122,1.791,1.831,40,122
H1B6_3,H1,CL,B6,0.121,1.83,1.863,33,121
H1B6_4,H1,CL,B6,0.134,1.8,1.844,44,134
H1B6_5,H1,CL,B6,0.098,1.768,1.796,28,98
H1B6_6,H1,CL,B6,0.103,1.892,1.927,35,103
H1B6_7,H1,CL,B6,0.121,1.848,1.893,45,121
H1B6_8,H1,CL,B6,0.112,1.87,1.908,38,112
H1B6_9,H1,CL,B6,0.107,1.862,1.892,30,107
H1B6_10,H1,CL,B6,0.146,1.849,1.904,55,146
H2B1_1,H2,CL_Bifi,B1,0.136,1.944,1.987,43,136
H2B1_2,H2,CL_Bifi,B1,0.14,1.786,1.84,54,140
H2B1_3,H2,CL_Bifi,B1,0.14,1.857,1.918,61,140
H2B1_4,H2,CL_Bifi,B1,0.155,1.886,1.941,55,155
H2B1_5,H2,CL_Bifi,B1,0.135,1.805,1.858,53,135
H2B1_6,H2,CL_Bifi,B1,0.136,1.875,1.933,58,136
H2B1_7,H2,CL_Bifi,B1,0.147,1.815,1.868,53,147
H2B1_8,H2,CL_Bifi,B1,0.143,1.824,1.889,65,143
H2B1_9,H2,CL_Bifi,B1,0.139,1.774,1.824,50,139
H2B1_10,H2,CL_Bifi,B1,0.109,1.857,1.881,24,109
H2B2_1,H2,MD,B2,0.119,1.836,1.881,45,119
H2B2_2,H2,MD,B2,0.104,1.847,1.881,34,104
H2B2_3,H2,MD,B2,0.143,1.945,1.999,54,143
H2B2_4,H2,MD,B2,0.125,1.817,1.866,49,125
H2B2_5,H2,MD,B2,0.112,1.855,1.888,33,112
H2B2_6,H2,MD,B2,0.139,1.959,2.019,60,139
H2B2_7,H2,MD,B2,0.101,1.948,1.984,36,101
H2B2_8,H2,MD,B2,0.117,1.951,1.999,48,117
H2B2_9,H2,MD,B2,0.131,1.864,1.919,55,131
H2B2_10,H2,MD,B2,0.13,1.728,1.787,59,130
H2B3_1,H2,CL,B3,0.107,1.727,1.751,24,107
H2B3_2,H2,CL,B3,0.121,1.791,1.829,38,121
H2B3_3,H2,CL,B3,0.133,1.808,1.863,55,133
H2B3_4,H2,CL,B3,0.092,1.811,1.835,24,92
H2B3_5,H2,CL,B3,0.137,1.873,1.935,62,137
H2B3_6,H2,CL,B3,0.137,1.8,1.858,58,137
H2B3_7,H2,CL,B3,0.135,1.901,1.959,58,135
H2B3_8,H2,CL,B3,0.14,1.887,1.949,62,140
H2B3_9,H2,CL,B3,0.127,1.903,1.959,56,127
H2B3_10,H2,CL,B3,0.141,1.997,2.058,61,141
H2B4_1,H2,CL_13,B4,0.104,1.844,1.871,27,104
H2B4_2,H2,CL_13,B4,0.142,2.012,2.073,61,142
H2B4_3,H2,CL_13,B4,0.126,1.766,1.818,52,126
H2B4_4,H2,CL_13,B4,0.129,1.914,1.964,50,129
H2B4_5,H2,CL_13,B4,0.133,1.778,1.831,53,133
H2B4_6,H2,CL_13,B4,0.114,1.913,1.957,44,114
H2B4_7,H2,CL_13,B4,0.146,1.82,1.888,68,146
H2B4_8,H2,CL_13,B4,0.131,1.863,1.916,53,131
H2B4_9,H2,CL_13,B4,0.126,1.795,1.845,50,126
H2B4_10,H2,CL_13,B4,0.096,1.754,1.779,25,96
H2B5_1,H2,MD,B5,0.14,1.862,1.921,59,140
H2B5_2,H2,MD,B5,0.103,1.776,1.819,43,103
H2B5_3,H2,MD,B5,0.139,1.795,1.859,64,139
H2B5_4,H2,MD,B5,0.11,1.915,1.961,46,110
H2B5_5,H2,MD,B5,0.109,1.853,1.894,41,109
H2B5_6,H2,MD,B5,0.104,1.765,1.804,39,104
H2B5_7,H2,MD,B5,0.135,1.726,1.791,65,135
H2B5_8,H2,MD,B5,0.096,1.822,1.86,38,96
H2B5_9,H2,MD,B5,0.133,1.783,1.842,59,133
H2B5_10,H2,MD,B5,0.1,1.834,1.864,30,100
H2B6_1,H2,MD,B6,0.138,1.859,1.92,61,138
H2B6_2,H2,MD,B6,0.118,1.791,1.834,43,118
H2B6_3,H2,MD,B6,0.115,1.934,1.974,40,115
H2B6_4,H2,MD,B6,0.125,1.826,1.878,52,125
H2B6_5,H2,MD,B6,0.091,1.782,1.807,25,91
H2B6_6,H2,MD,B6,0.116,1.763,1.815,52,116
H2B6_7,H2,MD,B6,0.131,1.967,2.022,55,131
H2B6_8,H2,MD,B6,0.111,1.877,1.927,50,111
H2B6_9,H2,MD,B6,0.13,2.013,2.063,50,130
H2B6_10,H2,MD,B6,0.112,1.824,1.867,43,112
H3B1_1,H3,CL,B1,0.158,1.944,2.009,65,158
H3B1_2,H3,CL,B1,0.156,2.053,2.112,59,156
H3B1_3,H3,CL,B1,0.144,1.929,1.985,56,144
H3B1_4,H3,CL,B1,0.143,1.914,1.977,63,143
H3B1_5,H3,CL,B1,0.151,1.95,2.005,55,151
H3B1_6,H3,CL,B1,0.126,1.873,1.923,50,126
H3B1_7,H3,CL,B1,0.144,1.868,1.924,56,144
H3B1_8,H3,CL,B1,0.126,1.847,1.898,51,126
H3B1_9,H3,CL,B1,0.151,1.92,1.975,55,151
H3B1_10,H3,CL,B1,0.148,1.846,1.909,63,148
H3B2_1,H3,MD,B2,0.15,1.92,1.986,66,150
H3B2_2,H3,MD,B2,0.141,1.862,1.906,44,141
H3B2_3,H3,MD,B2,0.135,1.852,1.909,57,135
H3B2_4,H3,MD,B2,0.129,1.984,2.035,51,129
H3B2_5,H3,MD,B2,0.131,1.826,1.877,51,131
H3B2_6,H3,MD,B2,0.145,1.885,1.95,65,145
H3B2_7,H3,MD,B2,0.143,1.842,1.903,61,143
H3B2_8,H3,MD,B2,0.157,1.827,1.904,77,157
H3B2_9,H3,MD,B2,0.15,1.839,1.908,69,150
H3B2_10,H3,MD,B2,0.124,1.795,1.83,35,124
H3B3_1,H3,CL_Bifi,B3,0.153,2.043,2.107,64,153
H3B3_2,H3,CL_Bifi,B3,0.138,1.927,1.967,40,138
H3B3_3,H3,CL_Bifi,B3,0.107,1.766,1.794,28,107
H3B3_4,H3,CL_Bifi,B3,0.133,1.868,1.918,50,133
H3B3_5,H3,CL_Bifi,B3,0.115,1.806,1.846,40,115
H3B3_6,H3,CL_Bifi,B3,0.143,1.846,1.904,58,143
H3B3_7,H3,CL_Bifi,B3,0.148,1.874,1.914,40,148
H3B3_8,H3,CL_Bifi,B3,0.136,1.759,1.813,54,136
H3B3_9,H3,CL_Bifi,B3,0.121,1.826,1.853,27,121
H3B3_10,H3,CL_Bifi,B3,0.099,1.851,1.886,35,99
H3B4_1,H3,MD,B4,0.145,1.901,1.962,61,145
H3B4_2,H3,MD,B4,0.144,1.857,1.908,51,144
H3B4_3,H3,MD,B4,0.145,1.924,1.988,64,145
H3B4_4,H3,MD,B4,0.144,1.881,1.936,55,144
H3B4_5,H3,MD,B4,0.137,1.884,1.931,47,137
H3B4_6,H3,MD,B4,0.164,1.924,1.992,68,164
H3B4_7,H3,MD,B4,0.164,1.869,1.912,43,164
H3B4_8,H3,MD,B4,0.149,1.823,1.878,55,149
H3B4_9,H3,MD,B4,0.153,1.883,1.932,49,153
H3B4_10,H3,MD,B4,0.149,1.905,1.96,55,149
H3B5_1,H3,CL_13,B5,0.151,1.886,1.962,76,151
H3B5_2,H3,CL_13,B5,0.123,1.825,1.871,46,123
H3B5_3,H3,CL_13,B5,0.129,1.848,1.897,49,129
H3B5_4,H3,CL_13,B5,0.133,1.836,1.891,55,133
H3B5_5,H3,CL_13,B5,0.149,1.794,1.855,61,149
H3B5_6,H3,CL_13,B5,0.152,1.834,1.899,65,152
H3B5_7,H3,CL_13,B5,0.141,1.956,2.014,58,141
H3B5_8,H3,CL_13,B5,0.147,1.931,1.995,64,147
H3B5_9,H3,CL_13,B5,0.141,1.858,1.919,61,141
H3B5_10,H3,CL_13,B5,0.096,1.853,1.872,19,96
H3B6_1,H3,MD,B6,0.138,1.998,2.054,56,138
H3B6_2,H3,MD,B6,0.109,1.833,1.874,41,109
H3B6_3,H3,MD,B6,0.137,1.914,1.972,58,137
H3B6_4,H3,MD,B6,0.166,1.931,2.01,79,166
H3B6_5,H3,MD,B6,0.147,1.787,1.851,64,147
H3B6_6,H3,MD,B6,0.166,1.856,1.944,88,166
H3B6_7,H3,MD,B6,0.138,1.879,1.93,51,138
H3B6_8,H3,MD,B6,0.169,1.91,1.986,76,169
H4B1_1,H4,MD,B1,0.139,1.901,1.966,65,139
H4B1_2,H4,MD,B1,0.111,1.805,1.831,26,111
H4B1_3,H4,MD,B1,0.099,1.932,1.959,27,99
H4B1_4,H4,MD,B1,0.117,1.911,1.948,37,117
H4B1_5,H4,MD,B1,0.115,2.026,2.076,50,115
H4B1_6,H4,MD,B1,0.111,1.96,1.995,35,111
H4B1_7,H4,MD,B1,0.142,1.851,1.924,73,142
H4B1_8,H4,MD,B1,0.09,1.858,1.887,29,90
H4B1_9,H4,MD,B1,0.115,1.921,1.952,31,115
H4B1_10,H4,MD,B1,0.127,1.836,1.879,43,127
H4B3_1,H4,CL_13,B3,0.122,1.94,1.989,49,122
H4B3_2,H4,CL_13,B3,0.155,1.854,1.93,76,155
H4B3_3,H4,CL_13,B3,0.127,1.868,1.925,57,127
H4B3_4,H4,CL_13,B3,0.132,1.818,1.874,56,132
H4B3_5,H4,CL_13,B3,0.099,1.825,1.858,33,99
H4B3_6,H4,CL_13,B3,0.129,1.815,1.871,56,129
H4B3_7,H4,CL_13,B3,0.128,2.018,2.066,48,128
H4B3_8,H4,CL_13,B3,0.109,1.933,1.964,31,109
H4B3_9,H4,CL_13,B3,0.138,1.936,1.984,48,138
H4B3_10,H4,CL_13,B3,0.145,1.817,1.881,64,145
H4B4_1,H4,MD,B4,0.119,1.882,1.921,39,119
H4B4_2,H4,MD,B4,0.137,1.804,1.861,57,137
H4B4_3,H4,MD,B4,0.141,1.911,1.966,55,141
H4B4_4,H4,MD,B4,0.137,1.851,1.906,55,137
H4B4_5,H4,MD,B4,0.131,1.939,1.996,57,131
H4B4_6,H4,MD,B4,0.144,1.787,1.849,62,144
H4B4_7,H4,MD,B4,0.132,1.831,1.892,61,132
H4B4_8,H4,MD,B4,0.116,1.824,1.892,68,116
H4B4_9,H4,MD,B4,0.148,1.765,1.819,54,148
H4B5_1,H4,CL_Bifi,B5,0.127,1.885,1.95,65,127
H4B5_2,H4,CL_Bifi,B5,0.11,1.871,1.914,43,110
H4B5_3,H4,CL_Bifi,B5,0.126,1.871,1.926,55,126
H4B5_4,H4,CL_Bifi,B5,0.126,1.867,1.916,49,126
H4B5_5,H4,CL_Bifi,B5,0.108,1.931,1.979,48,108
H4B5_6,H4,CL_Bifi,B5,0.102,1.834,1.864,30,102
H4B5_7,H4,CL_Bifi,B5,0.122,1.859,1.911,52,122
H4B5_8,H4,CL_Bifi,B5,0.147,1.879,1.927,48,147
H4B5_9,H4,CL_Bifi,B5,0.105,1.959,1.999,40,105
H4B5_10,H4,CL_Bifi,B5,0.123,1.806,1.859,53,123
H4B6_1,H4,CL,B6,0.135,1.816,1.881,65,135
H4B6_2,H4,CL,B6,0.117,1.85,1.897,47,117
H4B6_3,H4,CL,B6,0.137,1.814,1.877,63,137
H4B6_4,H4,CL,B6,0.117,1.816,1.863,47,117
H4B6_5,H4,CL,B6,0.124,1.863,1.921,58,124
H4B6_6,H4,CL,B6,0.104,1.796,1.822,26,104
H4B6_7,H4,CL,B6,0.15,1.87,1.959,89,150
H4B6_8,H4,CL,B6,0.125,1.898,1.959,61,125
H4B6_9,H4,CL,B6,0.091,1.804,1.83,26,91
H4B6_10,H4,CL,B6,0.123,1.894,1.944,50,123
H5B1_1,H5,CL_13,B1,0.146,1.842,1.904,62,146
H5B1_2,H5,CL_13,B1,0.153,1.757,1.822,65,153
H5B1_3,H5,CL_13,B1,0.162,1.861,1.92,59,162
H5B1_4,H5,CL_13,B1,0.126,1.844,1.879,35,126
H5B1_5,H5,CL_13,B1,0.099,1.762,1.789,27,99
H5B1_6,H5,CL_13,B1,0.148,1.879,1.939,60,148
H5B1_7,H5,CL_13,B1,0.14,1.948,2.007,59,140
H5B1_8,H5,CL_13,B1,0.1,1.977,2.004,27,100
H5B2_1,H5,CL_Bifi,B2,0.109,1.977,2.003,26,109
H5B2_2,H5,CL_Bifi,B2,0.112,1.801,1.829,28,112
H5B2_3,H5,CL_Bifi,B2,0.154,1.78,1.835,55,154
H5B2_4,H5,CL_Bifi,B2,0.111,1.873,1.901,28,111
H5B2_5,H5,CL_Bifi,B2,0.108,1.91,1.932,22,108
H5B2_6,H5,CL_Bifi,B2,0.123,2.002,2.042,40,123
H5B2_7,H5,CL_Bifi,B2,0.151,1.904,1.973,69,151
H5B2_8,H5,CL_Bifi,B2,0.105,1.829,1.843,14,105
H5B2_9,H5,CL_Bifi,B2,0.12,2.026,2.048,22,120
H5B2_10,H5,CL_Bifi,B2,0.143,1.999,2.057,58,143
H5B3_1,H5,MD,B3,0.165,1.82,1.872,52,165
H5B3_2,H5,MD,B3,0.145,1.983,2.048,65,145
H5B3_3,H5,MD,B3,0.152,1.914,1.976,62,152
H5B3_4,H5,MD,B3,0.135,1.813,1.858,45,135
H5B3_5,H5,MD,B3,0.142,1.925,1.985,60,142
H5B3_6,H5,MD,B3,0.112,1.807,1.849,42,112
H5B3_7,H5,MD,B3,0.107,1.823,1.86,37,107
H5B3_8,H5,MD,B3,0.129,1.838,1.892,54,129
H5B3_9,H5,MD,B3,0.123,1.784,1.835,51,123
H5B3_10,H5,MD,B3,0.131,1.839,1.892,53,131
H5B4_1,H5,CL,B4,0.15,1.829,1.883,54,150
H5B4_2,H5,CL,B4,0.143,1.873,1.936,63,143
H5B4_3,H5,CL,B4,0.131,1.826,1.882,56,131
H5B4_4,H5,CL,B4,0.136,1.836,1.894,58,136
H5B4_5,H5,CL,B4,0.142,1.84,1.902,62,142
H5B4_6,H5,CL,B4,0.141,1.797,1.858,61,141
H5B4_7,H5,CL,B4,0.149,1.933,1.988,55,149
H5B4_8,H5,CL,B4,0.158,1.947,2.018,71,158
H5B4_9,H5,CL,B4,0.136,1.765,1.827,62,136
H5B4_10,H5,CL,B4,0.138,1.827,1.886,59,138
H5B5_1,H5,MD,B5,0.148,1.885,1.949,64,148
H5B5_2,H5,MD,B5,0.11,1.808,1.85,42,110
H5B5_3,H5,MD,B5,0.091,1.8,1.826,26,91
H5B5_4,H5,MD,B5,0.131,1.849,1.89,41,131
H5B5_5,H5,MD,B5,0.111,1.84,1.872,32,111
H5B5_6,H5,MD,B5,0.117,1.768,1.802,34,117
H5B5_7,H5,MD,B5,0.116,1.88,1.921,41,116
H5B5_8,H5,MD,B5,0.111,1.78,1.814,34,111
H5B5_9,H5,MD,B5,0.108,1.816,1.851,35,108
H5B5_10,H5,MD,B5,0.122,1.786,1.833,47,122
H5B6_1,H5,MD,B6,0.09,1.898,1.922,24,90
H5B6_2,H5,MD,B6,0.085,1.834,1.85,16,85
H5B6_3,H5,MD,B6,0.083,1.749,1.776,27,83
H5B6_4,H5,MD,B6,0.143,1.775,1.842,67,143
H5B6_5,H5,MD,B6,0.082,1.763,1.788,25,82
H5B6_6,H5,MD,B6,0.106,1.845,1.88,35,106
H6B1_1,H6,MD,B1,0.109,1.771,1.804,33,109
H6B1_2,H6,MD,B1,0.151,1.753,1.786,33,151
H6B1_3,H6,MD,B1,0.135,1.731,1.783,52,135
H6B1_4,H6,MD,B1,0.121,1.921,1.962,41,121
H6B1_5,H6,MD,B1,0.14,1.822,1.884,62,140
H6B1_6,H6,MD,B1,0.134,1.735,1.789,54,134
H6B1_7,H6,MD,B1,0.13,1.782,1.812,30,130
H6B1_8,H6,MD,B1,0.104,1.879,1.912,33,104
H6B1_9,H6,MD,B1,0.112,2.005,2.026,21,112
H6B1_10,H6,MD,B1,0.155,1.73,1.77,40,155
H6B2_1,H6,CL_13,B2,0.137,1.871,1.916,45,137
H6B2_2,H6,CL_13,B2,0.103,1.827,1.852,25,103
H6B2_3,H6,CL_13,B2,0.139,1.906,1.97,64,139
H6B2_4,H6,CL_13,B2,0.088,1.899,1.922,23,88
H6B2_5,H6,CL_13,B2,0.121,2.087,2.13,43,121
H6B2_6,H6,CL_13,B2,0.123,1.726,1.773,47,123
H6B2_7,H6,CL_13,B2,0.111,1.718,1.74,22,111
H6B2_8,H6,CL_13,B2,0.13,1.853,1.902,49,130
H6B2_9,H6,CL_13,B2,0.115,1.784,1.833,49,115
H6B2_10,H6,CL_13,B2,0.135,1.859,1.913,54,135
H6B3_1,H6,MD,B3,0.141,1.867,1.919,52,141
H6B3_2,H6,MD,B3,0.124,1.96,2.011,51,124
H6B3_3,H6,MD,B3,0.095,1.772,1.797,25,95
H6B3_4,H6,MD,B3,0.09,2.031,2.057,26,90
H6B3_5,H6,MD,B3,0.13,1.914,1.964,50,130
H6B3_6,H6,MD,B3,0.123,1.989,2.032,43,123
H6B3_7,H6,MD,B3,0.169,1.843,1.925,82,169
H6B3_8,H6,MD,B3,0.116,1.816,1.846,30,116
H6B3_9,H6,MD,B3,0.141,1.954,2.002,48,141
H6B3_10,H6,MD,B3,0.095,1.959,1.988,29,95
H6B4_1,H6,CL,B4,0.158,1.863,1.92,57,158
H6B4_2,H6,CL,B4,0.142,1.877,1.929,52,142
H6B4_3,H6,CL,B4,0.133,1.992,2.051,59,133
H6B4_4,H6,CL,B4,0.134,1.946,1.992,46,134
H6B4_5,H6,CL,B4,0.148,1.789,1.802,13,148
H6B4_6,H6,CL,B4,0.137,1.752,1.803,51,137
H6B4_7,H6,CL,B4,0.141,1.814,1.873,59,141
H6B4_8,H6,CL,B4,0.142,1.998,2.045,47,142
H6B4_9,H6,CL,B4,0.16,1.804,1.831,27,160
H6B4_10,H6,CL,B4,0.097,1.95,1.979,29,97
H6B5_1,H6,CL_Bifi,B5,0.125,1.935,1.984,49,125
H6B5_2,H6,CL_Bifi,B5,0.147,1.994,2.024,30,147
H6B5_3,H6,CL_Bifi,B5,0.102,1.85,1.869,19,102
H6B5_4,H6,CL_Bifi,B5,0.151,1.811,1.883,72,151
H6B5_5,H6,CL_Bifi,B5,0.112,1.986,2.016,30,112
H6B5_6,H6,CL_Bifi,B5,0.093,1.939,1.966,27,93
H6B5_7,H6,CL_Bifi,B5,0.092,1.902,1.932,30,92
H6B5_8,H6,CL_Bifi,B5,0.141,1.865,1.932,67,141
H6B5_9,H6,CL_Bifi,B5,0.143,1.811,1.87,59,143
H6B5_10,H6,CL_Bifi,B5,0.131,1.928,1.981,53,131
H6B6_1,H6,MD,B6,0.155,1.783,1.852,69,155
H6B6_2,H6,MD,B6,0.156,1.76,1.81,50,156
H6B6_3,H6,MD,B6,0.095,1.902,1.929,27,95
H6B6_4,H6,MD,B6,0.133,1.809,1.86,51,133
H6B6_5,H6,MD,B6,0.099,1.873,1.908,35,99
H6B6_6,H6,MD,B6,0.131,1.736,1.758,22,131
H6B6_7,H6,MD,B6,0.149,1.719,1.784,65,149
H6B6_8,H6,MD,B6,0.125,1.804,1.827,23,125
H6B6_9,H6,MD,B6,0.11,1.69,1.717,27,110
H6B6_10,H6,MD,B6,0.128,1.676,1.714,38,128
H7B1_1,H7,CL_13,B1,0.165,1.786,1.85,64,165
H7B1_2,H7,CL_13,B1,0.139,1.791,1.853,62,139
H7B1_3,H7,CL_13,B1,0.145,1.897,1.967,70,145
H7B1_4,H7,CL_13,B1,0.16,1.681,1.75,69,160
H7B1_5,H7,CL_13,B1,0.116,1.81,1.858,48,116
H7B1_6,H7,CL_13,B1,0.133,1.888,1.943,55,133
H7B1_7,H7,CL_13,B1,0.158,1.762,1.837,75,158
H7B1_8,H7,CL_13,B1,0.1,1.999,2.026,27,100
H7B1_9,H7,CL_13,B1,0.156,1.836,1.908,72,156
H7B1_10,H7,CL_13,B1,0.144,1.649,1.714,65,144
H7B2_1,H7,CL,B2,0.099,1.807,1.831,24,99
H7B2_2,H7,CL,B2,0.141,1.892,1.946,54,141
H7B2_3,H7,CL,B2,0.145,1.849,1.914,65,145
H7B2_4,H7,CL,B2,0.101,1.762,1.78,18,101
H7B2_5,H7,CL,B2,0.138,1.804,1.866,62,138
H7B2_6,H7,CL,B2,0.144,1.812,1.882,70,144
H7B2_7,H7,CL,B2,0.138,1.799,1.854,55,138
H7B2_8,H7,CL,B2,0.131,1.892,1.931,39,131
H7B2_9,H7,CL,B2,0.135,1.886,1.939,53,135
H7B2_10,H7,CL,B2,0.144,1.806,1.873,67,144
H7B3_1,H7,MD,B3,0.132,1.714,1.77,56,132
H7B3_2,H7,MD,B3,0.145,1.884,1.949,65,145
H7B3_3,H7,MD,B3,0.113,1.72,1.756,36,113
H7B3_4,H7,MD,B3,0.125,1.932,1.989,57,125
H7B3_5,H7,MD,B3,0.121,1.72,1.757,37,121
H7B3_6,H7,MD,B3,0.121,1.707,1.756,49,121
H7B3_7,H7,MD,B3,0.158,1.845,1.923,78,158
H7B3_8,H7,MD,B3,0.139,1.869,1.931,62,139
H7B3_9,H7,MD,B3,0.134,1.721,1.78,59,134
H7B3_10,H7,MD,B3,0.141,1.653,1.716,63,141
H7B4_1,H7,CL_Bifi,B4,0.13,1.832,1.892,60,130
H7B4_2,H7,CL_Bifi,B4,0.138,1.728,1.781,53,138
H7B4_3,H7,CL_Bifi,B4,0.122,1.858,1.904,46,122
H7B4_4,H7,CL_Bifi,B4,0.121,1.733,1.766,33,121
H7B4_5,H7,CL_Bifi,B4,0.129,1.823,1.878,55,129
H7B4_6,H7,CL_Bifi,B4,0.102,1.845,1.868,23,102
H7B4_7,H7,CL_Bifi,B4,0.147,1.875,1.945,70,147
H7B4_8,H7,CL_Bifi,B4,0.135,1.888,1.952,64,135
H7B4_9,H7,CL_Bifi,B4,0.125,1.895,1.949,54,125
H7B4_10,H7,CL_Bifi,B4,0.114,1.879,1.927,48,114
H7B5_1,H7,MD,B5,0.14,1.769,1.825,56,140
H7B5_2,H7,MD,B5,0.132,1.728,1.78,52,132
H7B5_3,H7,MD,B5,0.149,1.845,1.912,67,149
H7B5_4,H7,MD,B5,0.154,1.874,1.947,73,154
H7B5_5,H7,MD,B5,0.14,1.932,1.988,56,140
H7B5_6,H7,MD,B5,0.119,1.757,1.799,42,119
H7B5_7,H7,MD,B5,0.103,1.848,1.887,39,103
H7B5_8,H7,MD,B5,0.127,1.845,1.881,36,127
H7B5_9,H7,MD,B5,0.113,1.953,1.996,43,113
H7B5_10,H7,MD,B5,0.126,1.804,1.853,49,126
H7B6_1,H7,MD,B6,0.109,1.825,1.859,34,109
H7B6_2,H7,MD,B6,0.108,1.739,1.779,40,108
H7B6_3,H7,MD,B6,0.121,1.826,1.881,55,121
H7B6_4,H7,MD,B6,0.11,1.941,1.98,39,110
H7B6_5,H7,MD,B6,0.153,1.886,1.964,78,153
H7B6_6,H7,MD,B6,0.155,1.86,1.941,81,155
H7B6_7,H7,MD,B6,0.135,1.895,1.954,59,135
H7B6_8,H7,MD,B6,0.141,1.789,1.858,69,141
H7B6_9,H7,MD,B6,0.131,1.629,1.679,50,131
H7B6_10,H7,MD,B6,0.11,1.797,1.83,33,110
H8B1_1,H8,CL_Bifi,B1,0.152,1.74,1.809,69,152
H8B1_2,H8,CL_Bifi,B1,0.128,1.783,1.827,44,128
H8B1_3,H8,CL_Bifi,B1,0.141,1.928,1.989,61,141
H8B1_4,H8,CL_Bifi,B1,0.105,1.854,1.884,30,105
H8B1_5,H8,CL_Bifi,B1,0.144,1.891,1.957,66,144
H8B1_6,H8,CL_Bifi,B1,0.152,1.704,1.773,69,152
H8B1_7,H8,CL_Bifi,B1,0.157,1.698,1.751,53,157
H8B2_1,H8,CL,B2,0.142,1.827,1.876,49,142
H8B2_2,H8,CL,B2,0.108,2.004,2.04,36,108
H8B2_3,H8,CL,B2,0.149,1.788,1.846,58,149
H8B2_4,H8,CL,B2,0.148,1.745,1.796,51,148
H8B2_5,H8,CL,B2,0.139,1.784,1.841,57,139
H8B2_6,H8,CL,B2,0.145,1.879,1.944,65,145
H8B2_7,H8,CL,B2,0.14,1.82,1.872,52,140
H8B2_8,H8,CL,B2,0.161,1.743,1.805,62,161
H8B2_9,H8,CL,B2,0.153,1.92,1.972,52,153
H8B2_10,H8,CL,B2,0.127,1.776,1.817,41,127
H8B3_1,H8,CL_13,B4,0.145,1.768,1.799,31,145
H8B3_2,H8,CL_13,B4,0.103,1.796,1.836,40,103
H8B3_3,H8,CL_13,B4,0.127,1.87,1.932,62,127
H8B3_4,H8,CL_13,B4,0.128,1.932,1.986,54,128
H8B4_1,H8,MD,B3,0.152,1.79,1.858,68,152
H8B4_2,H8,MD,B3,0.117,1.767,1.803,36,117
H8B4_3,H8,MD,B3,0.16,1.886,1.945,59,160
H8B4_4,H8,MD,B3,0.151,1.878,1.949,71,151
H8B4_5,H8,MD,B3,0.114,1.872,1.896,24,114
H8B4_6,H8,MD,B3,0.15,1.694,1.758,64,150
H8B4_7,H8,MD,B3,0.137,1.778,1.831,53,137
H8B4_8,H8,MD,B3,0.148,1.843,1.89,47,148
H8B4_9,H8,MD,B3,0.164,1.635,1.713,78,164
H8B4_10,H8,MD,B3,0.132,1.847,1.877,30,132
H8B5_1,H8,MD,B5,0.137,1.741,1.803,62,137
H8B5_2,H8,MD,B5,0.139,1.83,1.886,56,139
H8B5_3,H8,MD,B5,0.127,1.987,2.036,49,127
H8B5_4,H8,MD,B5,0.105,1.666,1.705,39,105
H8B5_5,H8,MD,B5,0.131,1.899,1.952,53,131
H8B5_6,H8,MD,B5,0.133,1.873,1.931,58,133
H8B5_7,H8,MD,B5,0.151,1.886,1.948,62,151
H8B5_8,H8,MD,B5,0.153,1.862,1.929,67,153
H8B5_9,H8,MD,B5,0.114,1.847,1.89,43,114
H8B5_10,H8,MD,B5,0.145,1.798,1.869,71,145
H8B6_1,H8,MD,B6,0.157,1.959,2.037,78,157
H8B6_2,H8,MD,B6,0.129,1.801,1.857,56,129
H8B6_3,H8,MD,B6,0.144,1.971,2.04,69,144
H8B6_4,H8,MD,B6,0.095,1.855,1.883,28,95
H8B6_5,H8,MD,B6,0.102,1.766,1.791,25,102
H8B6_6,H8,MD,B6,0.145,1.828,1.893,65,145
H8B6_7,H8,MD,B6,0.141,1.798,1.867,69,141
H8B6_8,H8,MD,B6,0.149,1.782,1.861,79,149
H8B6_9,H8,MD,B6,0.101,1.79,1.815,25,101
H8B6_10,H8,MD,B6,0.122,1.895,1.935,40,122
H9B1_1,H9,CL_13,B1,0.155,1.99,2.032,42,155
H9B1_2,H9,CL_13,B1,0.149,1.859,1.918,59,149
H9B1_3,H9,CL_13,B1,0.113,1.935,1.973,38,113
H9B1_4,H9,CL_13,B1,0.144,1.699,1.77,71,144
H9B1_5,H9,CL_13,B1,0.111,1.761,1.793,32,111
H9B1_6,H9,CL_13,B1,0.096,1.793,1.819,26,96
H9B1_7,H9,CL_13,B1,0.138,1.805,1.863,58,138
H9B2_1,H9,MD,B2,0.116,1.762,1.793,31,116
H9B2_2,H9,MD,B2,0.148,2.091,2.159,68,148
H9B2_3,H9,MD,B2,0.139,1.864,1.925,61,139
H9B2_4,H9,MD,B2,0.17,1.733,1.821,88,170
H9B2_5,H9,MD,B2,0.151,1.75,1.784,34,151
H9B2_6,H9,MD,B2,0.112,1.712,1.757,45,112
H9B2_7,H9,MD,B2,0.103,1.703,1.73,27,103
H9B2_8,H9,MD,B2,0.141,1.712,1.774,62,141
H9B2_9,H9,MD,B2,0.132,1.714,1.768,54,132
H9B2_10,H9,MD,B2,0.123,1.961,1.998,37,123
H9B3_1,H9,CL,B3,0.117,1.83,1.871,41,117
H9B3_2,H9,CL,B3,0.141,1.772,1.806,34,141
H9B3_3,H9,CL,B3,0.123,1.737,1.79,53,123
H9B3_4,H9,CL,B3,0.112,1.751,1.784,33,112
H9B3_5,H9,CL,B3,0.114,1.723,1.762,39,114
H9B3_6,H9,CL,B3,0.166,1.982,2.054,72,166
H9B3_7,H9,CL,B3,0.166,1.815,1.895,80,166
H9B3_8,H9,CL,B3,0.114,1.806,1.848,42,114
H9B3_9,H9,CL,B3,0.121,1.926,1.974,48,121
H9B3_10,H9,CL,B3,0.14,1.804,1.834,30,140
H9B4_1,H9,CL_Bifi,B4,0.093,1.824,1.851,27,93
H9B4_2,H9,CL_Bifi,B4,0.13,1.854,1.915,61,130
H9B4_3,H9,CL_Bifi,B4,0.087,1.863,1.892,29,87
H9B4_4,H9,CL_Bifi,B4,0.099,1.67,1.701,31,99
H9B4_5,H9,CL_Bifi,B4,0.167,1.752,1.841,89,167
H9B4_6,H9,CL_Bifi,B4,0.161,1.718,1.784,66,161
H9B4_7,H9,CL_Bifi,B4,0.12,1.837,1.889,52,120
H9B4_8,H9,CL_Bifi,B4,0.126,1.645,1.702,57,126
H9B4_9,H9,CL_Bifi,B4,0.154,1.904,1.995,91,154
H9B4_10,H9,CL_Bifi,B4,0.109,1.758,1.806,48,109
H9B5_1,H9,MD,B5,0.101,1.718,1.742,24,101
H9B5_2,H9,MD,B5,0.123,1.876,1.902,26,123
H9B5_3,H9,MD,B5,0.124,1.781,1.807,26,124
H10B1_1,H10,CL,B1,0.139,1.749,1.804,55,139
H10B1_2,H10,CL,B1,0.16,1.716,1.774,58,160
H10B1_3,H10,CL,B1,0.123,1.759,1.782,23,123
H10B1_4,H10,CL,B1,0.138,1.679,1.738,59,138
H10B1_5,H10,CL,B1,0.113,1.844,1.859,15,113
H10B1_6,H10,CL,B1,0.137,1.714,1.754,40,137
H10B1_7,H10,CL,B1,0.157,1.742,1.797,55,157
H10B1_8,H10,CL,B1,0.137,1.734,1.764,30,137
H10B1_9,H10,CL,B1,0.159,1.909,1.983,74,159
H10B1_10,H10,CL,B1,0.108,2.018,2.042,24,108
H10B2_1,H10,MD,B2,0.151,1.878,1.923,45,151
H10B2_2,H10,MD,B2,0.094,1.74,1.771,31,94
H10B2_3,H10,MD,B2,0.1,1.665,1.698,33,100
H10B2_4,H10,MD,B2,0.149,1.712,1.766,54,149
H10B2_5,H10,MD,B2,0.13,1.676,1.721,45,130
H10B2_6,H10,MD,B2,0.137,1.702,1.755,53,137
H10B2_7,H10,MD,B2,0.144,1.686,1.749,63,144
H10B2_8,H10,MD,B2,0.145,1.758,1.817,59,145
H10B3_1,H10,MD,B3,0.149,1.701,1.767,66,149
H10B3_2,H10,MD,B3,0.149,1.691,1.755,64,149
H10B3_3,H10,MD,B3,0.127,1.787,1.826,39,127
H10B3_4,H10,MD,B3,0.093,1.714,1.727,13,93
H10B3_5,H10,MD,B3,0.11,1.836,1.873,37,110
H10B3_6,H10,MD,B3,0.134,1.92,1.969,49,134
H10B3_7,H10,MD,B3,0.112,1.688,1.729,41,112
H10B3_8,H10,MD,B3,0.164,1.773,1.841,68,164
H10B4_1,H10,MD,B4,0.098,1.713,1.746,33,98
H10B4_2,H10,MD,B4,0.13,1.73,1.777,47,130
H10B4_3,H10,MD,B4,0.154,1.742,1.805,63,154
H10B4_4,H10,MD,B4,0.108,1.748,1.789,41,108
H10B4_5,H10,MD,B4,0.173,1.718,1.788,70,173
H10B4_6,H10,MD,B4,0.138,1.815,1.873,58,138
H10B4_7,H10,MD,B4,0.147,1.783,1.84,57,147
H10B4_8,H10,MD,B4,0.128,1.945,1.983,38,128
H10B4_9,H10,MD,B4,0.119,1.682,1.711,29,119
H10B4_10,H10,MD,B4,0.127,1.734,1.771,37,127
H10B5_1,H10,CL_Bifi,B5,0.15,1.726,1.789,63,150
H10B5_2,H10,CL_Bifi,B5,0.118,1.724,1.75,26,118
H10B5_3,H10,CL_Bifi,B5,0.106,1.743,1.765,22,106
H10B5_4,H10,CL_Bifi,B5,0.144,1.785,1.846,61,144
H10B5_5,H10,CL_Bifi,B5,0.138,1.816,1.876,60,138
H10B5_6,H10,CL_Bifi,B5,0.161,1.767,1.826,59,161
H10B5_7,H10,CL_Bifi,B5,0.155,1.731,1.8,69,155
H10B5_8,H10,CL_Bifi,B5,0.146,1.785,1.852,67,146
H10B5_9,H10,CL_Bifi,B5,0.095,1.722,1.742,20,95
H10B5_10,H10,CL_Bifi,B5,0.152,1.66,1.729,69,152
H10B6_1,H10,CL_13,B6,0.133,1.688,1.743,55,133
H10B6_2,H10,CL_13,B6,0.123,1.714,1.756,42,123
H10B6_3,H10,CL_13,B6,0.133,1.686,1.74,54,133
H10B6_4,H10,CL_13,B6,0.11,1.769,1.796,27,110
H10B6_5,H10,CL_13,B6,0.096,1.652,1.67,18,96
H10B6_6,H10,CL_13,B6,0.148,1.644,1.707,63,148
H10B6_7,H10,CL_13,B6,0.158,1.662,1.73,68,158
H10B6_8,H10,CL_13,B6,0.13,1.634,1.691,57,130
H10B6_9,H10,CL_13,B6,0.138,1.693,1.756,63,138
H10B6_10,H10,CL_13,B6,0.114,1.777,1.814,37,114